commit_hour,day_of_week,is_weekend,is_night_commit,lines_added,lines_deleted,files_changed,test_files_changed,num_methods,avg_complexity,is_buggy,language_group,time_period,confidence,churn_ratio,test_ratio,complexity_per_file,prior_bugs_author
23,2,0,1,34,1,2,0,2,2.0,0,TypeScript,2018-2020,1.0,17.0,0.0,0.67,0
23,5,1,1,11,1,3,0,0,0.0,0,TypeScript,2018-2020,1.0,5.5,0.0,0.0,0
12,6,1,0,2,0,1,0,0,0.0,0,TypeScript,2018-2020,1.0,2.0,0.0,0.0,0
19,0,0,0,2,0,1,0,0,0.0,0,TypeScript,2018-2020,1.0,2.0,0.0,0.0,0
0,4,0,1,1,1,1,0,0,0.0,0,TypeScript,2018-2020,1.0,0.5,0.0,0.0,0
1,4,0,1,3,7,1,0,0,0.0,0,TypeScript,2018-2020,1.0,0.38,0.0,0.0,0
0,1,0,1,1,1,1,0,0,0.0,0,TypeScript,2018-2020,1.0,0.5,0.0,0.0,0
0,1,0,1,1,1,1,0,0,0.0,0,TypeScript,2018-2020,1.0,0.5,0.0,0.0,0
0,1,0,1,34,2,2,0,11,1.0,0,TypeScript,2018-2020,1.0,11.33,0.0,0.33,0
0,1,0,1,29,0,1,0,0,0.0,0,TypeScript,2018-2020,1.0,29.0,0.0,0.0,0
1,1,0,1,1,1,1,0,0,0.0,0,TypeScript,2018-2020,1.0,0.5,0.0,0.0,0
1,1,0,1,20,1,2,0,2,2.5,0,TypeScript,2018-2020,1.0,10.0,0.0,0.83,0
3,1,0,1,40,4,3,0,4,2.5,0,TypeScript,2018-2020,1.0,8.0,0.0,0.62,0
3,1,0,1,4,3,1,0,1,18.0,0,TypeScript,2018-2020,1.0,1.0,0.0,9.0,0
14,3,0,0,46,27,1,0,0,0.0,0,TypeScript,2018-2020,1.0,1.64,0.0,0.0,0
14,3,0,0,1,1,1,0,0,0.0,0,TypeScript,2018-2020,1.0,0.5,0.0,0.0,0
14,3,0,0,2,2,2,0,0,0.0,0,TypeScript,2018-2020,1.0,0.67,0.0,0.0,0
4,4,0,1,118,9,3,0,3,1.0,0,TypeScript,2018-2020,1.0,11.8,0.0,0.25,0
4,4,0,1,111,96,39,0,79,1.71,0,TypeScript,2018-2020,1.0,1.14,0.0,0.04,0
23,4,0,1,1,1,1,0,0,0.0,0,TypeScript,2018-2020,1.0,0.5,0.0,0.0,0
23,4,0,1,1,0,1,0,0,0.0,0,TypeScript,2018-2020,1.0,1.0,0.0,0.0,0
0,5,1,1,146,8,5,0,5,4.8,0,TypeScript,2018-2020,1.0,16.22,0.0,0.8,0
0,5,1,1,32,2,2,0,2,3.5,0,TypeScript,2018-2020,1.0,10.67,0.0,1.17,0
2,5,1,1,1,1,1,0,2,1.0,0,TypeScript,2018-2020,1.0,0.5,0.0,0.5,0
2,5,1,1,691,44,58,0,57,3.39,0,TypeScript,2018-2020,1.0,15.36,0.0,0.06,0
5,1,0,1,246,246,2,0,10,3.0,0,TypeScript,2018-2020,1.0,1.0,0.0,1.0,0
5,1,0,1,101,58,5,0,7,3.57,0,TypeScript,2018-2020,1.0,1.71,0.0,0.6,0
12,4,0,0,6,1,1,0,0,0.0,0,TypeScript,2018-2020,1.0,3.0,0.0,0.0,0
14,4,0,0,3,3,1,0,0,0.0,0,TypeScript,2018-2020,1.0,0.75,0.0,0.0,0
14,4,0,0,1,1,1,0,0,0.0,0,TypeScript,2018-2020,1.0,0.5,0.0,0.0,0
19,4,0,0,2,2,1,0,0,0.0,0,TypeScript,2018-2020,1.0,0.67,0.0,0.0,0
19,4,0,0,1,1,1,0,0,0.0,0,TypeScript,2018-2020,1.0,0.5,0.0,0.0,0
19,4,0,0,1298,283,5,0,2,1.0,0,TypeScript,2018-2020,1.0,4.57,0.0,0.17,0
19,4,0,0,120,0,4,0,4,3.75,0,TypeScript,2018-2020,1.0,120.0,0.0,0.75,0
20,4,0,0,2,2,2,0,0,0.0,0,TypeScript,2018-2020,1.0,0.67,0.0,0.0,0
15,6,1,0,27,20,2,0,0,0.0,0,TypeScript,2018-2020,1.0,1.29,0.0,0.0,0
15,6,1,0,1,1,1,0,0,0.0,0,TypeScript,2018-2020,1.0,0.5,0.0,0.0,0
19,6,1,0,136,411,6,0,0,0.0,0,TypeScript,2018-2020,1.0,0.33,0.0,0.0,0
19,6,1,0,1,1,1,0,0,0.0,0,TypeScript,2018-2020,1.0,0.5,0.0,0.0,0
19,6,1,0,169,4,5,0,5,25.6,0,TypeScript,2018-2020,1.0,33.8,0.0,4.27,0
19,6,1,0,0,1,1,0,0,0.0,0,TypeScript,2018-2020,1.0,0.0,0.0,0.0,0
19,6,1,0,16,3,2,0,2,1.5,0,TypeScript,2018-2020,1.0,4.0,0.0,0.5,0
13,4,0,0,8,8,4,0,0,0.0,0,TypeScript,2018-2020,1.0,0.89,0.0,0.0,0
13,4,0,0,1,1,1,0,0,0.0,0,TypeScript,2018-2020,1.0,0.5,0.0,0.0,0
15,6,1,0,1,1,1,0,0,0.0,0,TypeScript,2018-2020,1.0,0.5,0.0,0.0,0
15,6,1,0,3,3,1,0,0,0.0,0,TypeScript,2018-2020,1.0,0.75,0.0,0.0,0
16,6,1,0,8,2,2,0,0,0.0,0,TypeScript,2018-2020,1.0,2.67,0.0,0.0,0
16,6,1,0,70,70,2,0,0,0.0,0,TypeScript,2018-2020,1.0,0.99,0.0,0.0,0
0,1,0,1,6,1,1,0,0,0.0,0,TypeScript,2018-2020,1.0,3.0,0.0,0.0,0
22,2,0,1,2,2,2,0,0,0.0,0,TypeScript,2018-2020,1.0,0.67,0.0,0.0,0
0,3,0,1,10,25,5,0,5,1.0,0,TypeScript,2018-2020,1.0,0.38,0.0,0.17,0
13,6,1,0,59,15,4,1,3,9.0,0,TypeScript,2018-2020,1.0,3.69,0.2,1.8,0
13,6,1,0,29,1,3,0,2,1.0,0,TypeScript,2018-2020,1.0,14.5,0.0,0.25,0
13,0,0,0,100,58,2,0,0,0.0,0,TypeScript,2018-2020,1.0,1.69,0.0,0.0,0
12,2,0,0,0,5,1,0,0,0.0,0,TypeScript,2018-2020,1.0,0.0,0.0,0.0,0
18,2,0,0,46,46,1,0,0,0.0,0,TypeScript,2018-2020,1.0,0.98,0.0,0.0,0
19,2,0,0,114,4,4,0,5,1.6,0,TypeScript,2018-2020,1.0,22.8,0.0,0.32,0
19,2,0,0,16,18,15,0,1,4.0,0,TypeScript,2018-2020,1.0,0.84,0.0,0.25,0
20,2,0,0,15,2,1,0,1,2.0,0,TypeScript,2018-2020,1.0,5.0,0.0,1.0,0
12,3,0,0,1,1,1,0,1,6.0,0,TypeScript,2018-2020,1.0,0.5,0.0,3.0,0
13,3,0,0,142,95,15,0,13,3.38,0,TypeScript,2018-2020,1.0,1.48,0.0,0.21,0
17,3,0,0,78,5,4,1,2,8.0,0,TypeScript,2018-2020,1.0,13.0,0.2,1.6,0
13,4,0,0,1,1,1,0,1,6.0,0,TypeScript,2018-2020,1.0,0.5,0.0,3.0,0
13,4,0,0,2,2,1,0,1,7.0,0,TypeScript,2018-2020,1.0,0.67,0.0,3.5,0
15,4,0,0,112,4,14,1,10,1.7,0,TypeScript,2018-2020,1.0,22.4,0.07,0.11,0
15,4,0,0,75,6,6,0,9,2.89,0,TypeScript,2018-2020,1.0,10.71,0.0,0.41,0
15,4,0,0,96,19,3,0,3,1.67,0,TypeScript,2018-2020,1.0,4.8,0.0,0.42,0
21,4,0,0,9,2,1,0,2,1.5,0,TypeScript,2018-2020,1.0,3.0,0.0,0.75,0
22,4,0,1,5,3,1,0,0,0.0,0,TypeScript,2018-2020,1.0,1.25,0.0,0.0,0
4,5,1,1,45,2,7,0,2,1.0,0,TypeScript,2018-2020,1.0,15.0,0.0,0.12,0
19,5,1,0,7,2,1,0,1,1.0,0,TypeScript,2018-2020,1.0,2.33,0.0,0.5,0
19,6,1,0,3,2,1,0,2,7.5,0,TypeScript,2018-2020,1.0,1.0,0.0,3.75,0
18,1,0,0,1,1,1,0,0,0.0,0,TypeScript,2018-2020,1.0,0.5,0.0,0.0,0
18,1,0,0,11,6,1,0,0,0.0,0,TypeScript,2018-2020,1.0,1.57,0.0,0.0,0
18,1,0,0,108,0,5,0,3,1.0,0,TypeScript,2018-2020,1.0,108.0,0.0,0.17,0
19,1,0,0,12,2,1,0,5,2.4,0,TypeScript,2018-2020,1.0,4.0,0.0,1.2,0
12,3,0,0,106,23,5,1,2,4.0,0,TypeScript,2018-2020,1.0,4.42,0.17,0.67,0
12,3,0,0,50,9,3,0,0,0.0,0,TypeScript,2018-2020,1.0,5.0,0.0,0.0,0
18,4,0,0,6,4,3,0,2,2.0,0,TypeScript,2018-2020,1.0,1.2,0.0,0.5,0
18,4,0,0,1,1,1,0,1,19.0,0,TypeScript,2018-2020,1.0,0.5,0.0,9.5,0
18,4,0,0,199,455,17,0,129,1.78,0,TypeScript,2018-2020,1.0,0.44,0.0,0.1,0
1,6,1,1,4618,3060,9,0,7,2.43,0,TypeScript,2018-2020,1.0,1.51,0.0,0.24,0
1,6,1,1,326,1,8,0,8,2.5,0,TypeScript,2018-2020,1.0,163.0,0.0,0.28,0
2,6,1,1,72,11,4,0,6,3.0,0,TypeScript,2018-2020,1.0,6.0,0.0,0.6,0
16,0,0,0,49,12,2,0,9,2.22,0,TypeScript,2018-2020,1.0,3.77,0.0,0.74,0
16,0,0,0,2,2,1,0,0,0.0,0,TypeScript,2018-2020,1.0,0.67,0.0,0.0,0
16,1,0,0,8,8,4,0,0,0.0,0,TypeScript,2018-2020,1.0,0.89,0.0,0.0,0
16,1,0,0,76,75,35,0,12,3.92,0,TypeScript,2018-2020,1.0,1.0,0.0,0.11,0
16,3,0,0,2,3,2,0,0,0.0,0,TypeScript,2018-2020,1.0,0.5,0.0,0.0,0
16,3,0,0,1,2,1,0,1,1.0,0,TypeScript,2018-2020,1.0,0.33,0.0,0.5,0
16,3,0,0,94,1,4,0,3,1.0,0,TypeScript,2018-2020,1.0,47.0,0.0,0.2,0
16,3,0,0,1,1,1,0,0,0.0,0,TypeScript,2018-2020,1.0,0.5,0.0,0.0,0
16,3,0,0,162,0,5,0,2,1.0,0,TypeScript,2018-2020,1.0,162.0,0.0,0.17,0
13,5,1,0,89,13,7,0,5,1.0,0,TypeScript,2018-2020,1.0,6.36,0.0,0.12,0
11,0,0,0,46,0,3,1,2,1.0,0,TypeScript,2018-2020,1.0,46.0,0.25,0.25,0
14,0,0,0,93,64,38,0,62,2.27,0,TypeScript,2018-2020,1.0,1.43,0.0,0.06,0
15,0,0,0,419,439,37,1,89,2.94,0,TypeScript,2018-2020,1.0,0.95,0.03,0.08,0
17,1,0,0,21,1,2,0,2,1.0,0,TypeScript,2018-2020,1.0,10.5,0.0,0.33,0
7,5,1,0,11,1,1,0,2,3.0,0,TypeScript,2018-2020,1.0,5.5,0.0,1.5,0
7,5,1,0,131,125,4,0,8,1.12,0,TypeScript,2018-2020,1.0,1.04,0.0,0.22,0
8,5,1,0,124,34,7,0,9,1.44,1,TypeScript,2018-2020,0.143,3.54,0.0,0.18,0
12,5,1,0,3,2,1,0,2,7.0,0,TypeScript,2018-2020,1.0,1.0,0.0,3.5,0
21,1,0,0,60,50,2,0,4,6.75,0,TypeScript,2018-2020,1.0,1.18,0.0,2.25,1
21,1,0,0,7,0,1,0,2,2.5,0,TypeScript,2018-2020,1.0,7.0,0.0,1.25,1
21,1,0,0,1,20,2,0,2,2.5,0,TypeScript,2018-2020,1.0,0.05,0.0,0.83,0
22,1,0,1,35,7,3,0,0,0.0,0,TypeScript,2018-2020,1.0,4.38,0.0,0.0,0
12,2,0,0,20,16,5,0,4,7.25,0,TypeScript,2018-2020,1.0,1.18,0.0,1.21,1
19,2,0,0,17,17,1,0,0,0.0,0,TypeScript,2018-2020,1.0,0.94,0.0,0.0,0
19,2,0,0,8,1,2,0,0,0.0,0,TypeScript,2018-2020,1.0,4.0,0.0,0.0,0
12,3,0,0,1,1,3,0,1,1.0,0,TypeScript,2018-2020,1.0,0.5,0.0,0.25,0
12,3,0,0,4,4,2,0,2,5.5,0,TypeScript,2018-2020,1.0,0.8,0.0,1.83,0
12,3,0,0,1,1,1,0,0,0.0,0,TypeScript,2018-2020,1.0,0.5,0.0,0.0,0
15,3,0,0,1,1,1,0,1,6.0,0,TypeScript,2018-2020,1.0,0.5,0.0,3.0,1
17,3,0,0,1,2,1,0,1,2.0,0,TypeScript,2018-2020,1.0,0.33,0.0,1.0,1
0,4,0,1,2,2,2,0,2,6.5,0,TypeScript,2018-2020,1.0,0.67,0.0,2.17,1
3,6,1,1,107,1,2,0,2,1.0,0,TypeScript,2018-2020,1.0,53.5,0.0,0.33,0
2,0,0,1,5,5,2,0,0,0.0,0,TypeScript,2018-2020,1.0,0.83,0.0,0.0,1
21,0,0,0,31,4,4,1,1,1.0,0,TypeScript,2018-2020,1.0,6.2,0.2,0.2,1
22,0,0,1,2,2,1,0,0,0.0,0,TypeScript,2018-2020,1.0,0.67,0.0,0.0,1
22,0,0,1,81,3,5,0,7,4.14,0,TypeScript,2018-2020,1.0,20.25,0.0,0.69,0
13,1,0,0,155,12,4,0,7,2.14,0,TypeScript,2018-2020,1.0,11.92,0.0,0.43,0
13,1,0,0,5,2,1,0,0,0.0,0,TypeScript,2018-2020,1.0,1.67,0.0,0.0,0
13,1,0,0,15,6,3,0,6,4.83,0,TypeScript,2018-2020,1.0,2.14,0.0,1.21,1
13,1,0,0,97,0,3,1,3,2.0,0,TypeScript,2018-2020,1.0,97.0,0.25,0.5,0
13,1,0,0,2,2,1,0,0,0.0,0,TypeScript,2018-2020,1.0,0.67,0.0,0.0,0
0,2,0,1,2,2,1,0,0,0.0,0,TypeScript,2018-2020,1.0,0.67,0.0,0.0,0
4,2,0,1,43,2,2,0,1,1.0,0,TypeScript,2018-2020,1.0,14.33,0.0,0.33,0
4,2,0,1,165,3,4,0,2,1.0,0,TypeScript,2018-2020,1.0,41.25,0.0,0.2,0
11,2,0,0,46,0,3,0,1,1.0,0,TypeScript,2018-2020,1.0,46.0,0.0,0.25,1
11,2,0,0,58,0,5,0,1,2.0,0,TypeScript,2018-2020,1.0,58.0,0.0,0.33,1
12,2,0,0,1,1,1,0,1,16.0,0,TypeScript,2018-2020,1.0,0.5,0.0,8.0,0
14,2,0,0,14,3,1,0,0,0.0,0,TypeScript,2018-2020,1.0,3.5,0.0,0.0,0
1,3,0,1,8,2,2,0,0,0.0,0,TypeScript,2018-2020,1.0,2.67,0.0,0.0,0
2,3,0,1,44,20,1,0,2,1.0,0,TypeScript,2018-2020,1.0,2.1,0.0,0.5,0
2,3,0,1,80,0,3,0,1,1.0,0,TypeScript,2018-2020,1.0,80.0,0.0,0.25,0
23,3,0,1,2,2,1,0,1,1.0,0,TypeScript,2018-2020,1.0,0.67,0.0,0.5,1
4,4,0,1,14,1,1,0,0,0.0,0,TypeScript,2018-2020,1.0,7.0,0.0,0.0,0
4,4,0,1,2,0,1,0,0,0.0,0,TypeScript,2018-2020,1.0,2.0,0.0,0.0,0
10,4,0,0,1,0,1,0,0,0.0,0,TypeScript,2018-2020,1.0,1.0,0.0,0.0,1
11,4,0,0,151,34,3,0,3,1.0,0,TypeScript,2018-2020,1.0,4.31,0.0,0.25,1
16,4,0,0,16,22,8,3,11,1.18,0,TypeScript,2018-2020,1.0,0.7,0.33,0.13,1
15,5,1,0,114,51,4,0,7,1.0,0,TypeScript,2018-2020,1.0,2.19,0.0,0.2,0
17,5,1,0,14,6,2,0,0,0.0,0,TypeScript,2018-2020,1.0,2.0,0.0,0.0,0
19,6,1,0,82,9,7,0,10,17.4,0,TypeScript,2018-2020,1.0,8.2,0.0,2.17,0
14,0,0,0,1,1,1,0,0,0.0,0,TypeScript,2018-2020,1.0,0.5,0.0,0.0,0
14,0,0,0,41,1,3,0,3,1.67,0,TypeScript,2018-2020,1.0,20.5,0.0,0.42,0
1,1,0,1,0,1,1,0,1,1.0,0,TypeScript,2018-2020,1.0,0.0,0.0,0.5,1
9,1,0,0,145,128,1,0,78,1.0,0,TypeScript,2018-2020,1.0,1.12,0.0,0.5,1
14,2,0,0,5,1,1,0,1,1.0,0,TypeScript,2018-2020,1.0,2.5,0.0,0.5,1
13,3,0,0,131,4,8,1,5,1.2,0,TypeScript,2018-2020,1.0,26.2,0.11,0.13,1
13,3,0,0,162,26,1,0,1,7.0,1,TypeScript,2018-2020,0.261,6.0,0.0,3.5,1
13,3,0,0,10,3,2,0,1,1.0,0,TypeScript,2018-2020,1.0,2.5,0.0,0.33,2
13,3,0,0,3,3,1,0,2,1.0,0,TypeScript,2018-2020,1.0,0.75,0.0,0.5,2
22,3,0,1,67,0,3,0,1,1.0,0,TypeScript,2018-2020,1.0,67.0,0.0,0.25,2
2,4,0,1,2,2,1,0,0,0.0,0,TypeScript,2018-2020,1.0,0.67,0.0,0.0,0
9,4,0,0,7,2,1,0,1,5.0,0,TypeScript,2018-2020,1.0,2.33,0.0,2.5,2
14,4,0,0,8,8,1,0,1,1.0,0,TypeScript,2018-2020,1.0,0.89,0.0,0.5,2
5,5,1,1,51,17,5,1,2,1.0,0,TypeScript,2018-2020,1.0,2.83,0.17,0.17,2
12,5,1,0,122,25,4,0,8,2.88,0,TypeScript,2018-2020,1.0,4.69,0.0,0.58,2
12,5,1,0,1,1,1,0,1,7.0,0,TypeScript,2018-2020,1.0,0.5,0.0,3.5,2
16,5,1,0,7,2,1,0,1,3.0,0,TypeScript,2018-2020,1.0,2.33,0.0,1.5,2
12,6,1,0,133,6,6,1,6,8.5,0,TypeScript,2018-2020,1.0,19.0,0.14,1.21,2
21,6,1,0,3,3,1,0,0,0.0,0,TypeScript,2018-2020,1.0,0.75,0.0,0.0,0
12,0,0,0,77,13,6,0,8,15.0,0,TypeScript,2018-2020,1.0,5.5,0.0,2.14,2
12,0,0,0,2,2,1,0,0,0.0,0,TypeScript,2018-2020,1.0,0.67,0.0,0.0,0
0,1,0,1,75,2,7,0,3,7.67,0,TypeScript,2018-2020,1.0,25.0,0.0,0.96,0
1,2,0,1,9,7,2,0,1,2.0,0,TypeScript,2018-2020,1.0,1.12,0.0,0.67,0
1,2,0,1,72,1,3,0,3,1.33,0,TypeScript,2018-2020,1.0,36.0,0.0,0.33,0
4,2,0,1,219,3,7,0,12,2.42,0,TypeScript,2018-2020,1.0,54.75,0.0,0.3,2
16,2,0,0,2,2,1,0,0,0.0,0,TypeScript,2018-2020,1.0,0.67,0.0,0.0,0
13,3,0,0,11,11,2,0,0,0.0,0,TypeScript,2018-2020,1.0,0.92,0.0,0.0,0
13,3,0,0,4,2,1,0,0,0.0,0,TypeScript,2018-2020,1.0,1.33,0.0,0.0,0
20,3,0,0,1,1,1,0,0,0.0,0,TypeScript,2018-2020,1.0,0.5,0.0,0.0,0
20,5,1,0,1,1,1,0,1,14.0,0,TypeScript,2018-2020,1.0,0.5,0.0,7.0,0
2,0,0,1,75,8,4,0,0,0.0,0,TypeScript,2018-2020,1.0,8.33,0.0,0.0,2
10,0,0,0,299,42,5,0,0,0.0,0,TypeScript,2018-2020,1.0,6.95,0.0,0.0,2
10,0,0,0,8,8,3,0,0,0.0,0,TypeScript,2018-2020,1.0,0.89,0.0,0.0,0
10,0,0,0,2,0,1,0,0,0.0,0,TypeScript,2018-2020,1.0,2.0,0.0,0.0,0
17,0,0,0,1,0,1,0,0,0.0,0,TypeScript,2018-2020,1.0,1.0,0.0,0.0,0
17,0,0,0,26,0,2,0,2,2.0,0,TypeScript,2018-2020,1.0,26.0,0.0,0.67,0
17,0,0,0,138,5,10,0,8,6.5,0,TypeScript,2018-2020,1.0,23.0,0.0,0.59,2
20,0,0,0,149,8,4,0,5,13.6,0,TypeScript,2018-2020,1.0,16.56,0.0,2.72,0
10,4,0,0,35,33,2,0,2,6.5,0,TypeScript,2018-2020,1.0,1.03,0.0,2.17,0
11,4,0,0,56,1,3,0,2,1.0,0,TypeScript,2018-2020,1.0,28.0,0.0,0.25,0
20,0,0,0,875,43,23,0,52,4.13,0,TypeScript,2018-2020,1.0,19.89,0.0,0.17,0
21,0,0,0,59,1,2,0,0,0.0,0,TypeScript,2018-2020,1.0,29.5,0.0,0.0,0
22,6,1,1,26,34,1,0,2,4.5,0,TypeScript,2018-2020,1.0,0.74,0.0,2.25,0
22,6,1,1,1,1,1,0,0,0.0,0,TypeScript,2018-2020,1.0,0.5,0.0,0.0,0
13,0,0,0,3,2,1,0,1,5.0,0,TypeScript,2018-2020,1.0,1.0,0.0,2.5,0
15,1,0,0,82,12,3,0,1,1.0,0,TypeScript,2018-2020,1.0,6.31,0.0,0.25,2
15,1,0,0,4,0,1,0,0,0.0,0,TypeScript,2018-2020,1.0,4.0,0.0,0.0,0
3,2,0,1,48,42,5,0,20,2.4,0,TypeScript,2018-2020,1.0,1.12,0.0,0.4,0
11,6,1,0,1,0,1,0,0,0.0,0,TypeScript,2018-2020,1.0,1.0,0.0,0.0,0
20,2,0,0,1,1,1,0,0,0.0,0,TypeScript,2018-2020,1.0,0.5,0.0,0.0,0
12,1,0,0,6,2,1,0,1,1.0,0,TypeScript,2018-2020,1.0,2.0,0.0,0.5,0
12,1,0,0,24,0,2,0,2,1.0,0,TypeScript,2018-2020,1.0,24.0,0.0,0.33,0
12,1,0,0,8,1,2,0,0,0.0,0,TypeScript,2018-2020,1.0,4.0,0.0,0.0,0
12,1,0,0,7,7,1,0,0,0.0,0,TypeScript,2018-2020,1.0,0.88,0.0,0.0,0
14,1,0,0,75,3,5,0,3,1.0,0,TypeScript,2018-2020,1.0,18.75,0.0,0.17,0
20,1,0,0,0,1,1,0,0,0.0,0,TypeScript,2018-2020,1.0,0.0,0.0,0.0,0
19,5,1,0,3,3,1,0,1,7.0,0,TypeScript,2021-2023,1.0,0.75,0.0,3.5,0
20,5,1,0,82,3,4,0,3,1.0,0,TypeScript,2021-2023,1.0,20.5,0.0,0.2,0
20,5,1,0,106,1,5,1,1,1.0,0,TypeScript,2021-2023,1.0,53.0,0.17,0.17,0
20,5,1,0,3,3,1,0,1,7.0,0,TypeScript,2021-2023,1.0,0.75,0.0,3.5,0
20,5,1,0,32,5,1,0,1,1.0,0,TypeScript,2021-2023,1.0,5.33,0.0,0.5,0
20,5,1,0,1,0,1,0,1,11.0,0,TypeScript,2021-2023,1.0,1.0,0.0,5.5,0
20,5,1,0,71,5,4,0,2,11.0,0,TypeScript,2021-2023,1.0,11.83,0.0,2.2,0
21,5,1,0,296,0,10,1,4,1.0,0,TypeScript,2021-2023,1.0,296.0,0.09,0.09,0
21,5,1,0,125,19,11,0,7,4.71,0,TypeScript,2021-2023,1.0,6.25,0.0,0.39,0
21,5,1,0,7,3,3,0,0,0.0,0,TypeScript,2021-2023,1.0,1.75,0.0,0.0,0
21,5,1,0,231,1,9,0,5,10.6,0,TypeScript,2021-2023,1.0,115.5,0.0,1.06,0
21,5,1,0,1,1,1,0,0,0.0,0,TypeScript,2021-2023,1.0,0.5,0.0,0.0,0
21,5,1,0,260,15,11,0,12,2.92,0,TypeScript,2021-2023,1.0,16.25,0.0,0.24,0
23,5,1,1,1,1,1,0,0,0.0,0,TypeScript,2021-2023,1.0,0.5,0.0,0.0,0
23,5,1,1,39,1,2,0,0,0.0,0,TypeScript,2021-2023,1.0,19.5,0.0,0.0,0
20,4,0,0,1,1,1,0,0,0.0,0,TypeScript,2021-2023,1.0,0.5,0.0,0.0,0
8,6,1,0,12,49,8,0,8,3.25,0,TypeScript,2021-2023,1.0,0.24,0.0,0.36,0
18,0,0,0,33,17,1,0,7,7.71,0,TypeScript,2021-2023,1.0,1.83,0.0,3.86,0
14,1,0,0,8,8,3,0,0,0.0,0,TypeScript,2021-2023,1.0,0.89,0.0,0.0,0
14,1,0,0,1,1,1,0,0,0.0,0,TypeScript,2021-2023,1.0,0.5,0.0,0.0,0
14,1,0,0,1,1,1,0,0,0.0,0,TypeScript,2021-2023,1.0,0.5,0.0,0.0,0
16,2,0,0,23,0,1,0,0,0.0,0,TypeScript,2021-2023,1.0,23.0,0.0,0.0,0
18,3,0,0,61,2,3,0,1,1.0,0,TypeScript,2021-2023,1.0,20.33,0.0,0.25,0
18,3,0,0,50,2,4,0,2,4.5,0,TypeScript,2021-2023,1.0,16.67,0.0,0.9,0
19,3,0,0,149,5,2,0,3,34.33,0,TypeScript,2021-2023,1.0,24.83,0.0,11.44,0
20,3,0,0,87,7,4,0,4,1.75,0,TypeScript,2021-2023,1.0,10.88,0.0,0.35,0
22,3,0,1,0,3,3,0,0,0.0,0,TypeScript,2021-2023,1.0,0.0,0.0,0.0,0
13,1,0,0,1,1,1,0,0,0.0,0,TypeScript,2021-2023,1.0,0.5,0.0,0.0,0
19,1,0,0,2555,297,53,2,31,10.42,1,TypeScript,2021-2023,0.034,8.57,0.04,0.19,0
14,2,0,0,1,1,1,0,1,7.0,0,TypeScript,2021-2023,1.0,0.5,0.0,3.5,0
16,5,1,0,5,5,4,0,0,0.0,0,TypeScript,2021-2023,1.0,0.83,0.0,0.0,0
16,5,1,0,1,1,1,0,0,0.0,0,TypeScript,2021-2023,1.0,0.5,0.0,0.0,0
16,5,1,0,72,0,2,0,1,1.0,0,TypeScript,2021-2023,1.0,72.0,0.0,0.33,0
16,5,1,0,174,0,5,0,7,1.0,0,TypeScript,2021-2023,1.0,174.0,0.0,0.17,0
19,5,1,0,7,5,1,0,0,0.0,0,TypeScript,2021-2023,1.0,1.17,0.0,0.0,0
21,5,1,0,8,8,1,0,0,0.0,0,TypeScript,2021-2023,1.0,0.89,0.0,0.0,0
13,6,1,0,6,6,1,0,0,0.0,0,TypeScript,2021-2023,1.0,0.86,0.0,0.0,0
13,6,1,0,1,1,1,0,1,13.0,0,TypeScript,2021-2023,1.0,0.5,0.0,6.5,0
2,0,0,1,1,1,1,0,0,0.0,0,TypeScript,2021-2023,1.0,0.5,0.0,0.0,0
15,0,0,0,2,2,2,0,0,0.0,0,TypeScript,2021-2023,1.0,0.67,0.0,0.0,0
15,0,0,0,2,2,1,0,0,0.0,0,TypeScript,2021-2023,1.0,0.67,0.0,0.0,0
18,0,0,0,63,1,4,0,4,3.75,0,TypeScript,2021-2023,1.0,31.5,0.0,0.75,0
18,0,0,0,94,0,4,0,5,6.4,0,TypeScript,2021-2023,1.0,94.0,0.0,1.28,0
21,0,0,0,68,12,3,1,1,1.0,0,TypeScript,2021-2023,1.0,5.23,0.25,0.25,0
22,0,0,1,39,2,3,0,1,1.0,0,TypeScript,2021-2023,1.0,13.0,0.0,0.25,0
11,1,0,0,197,0,6,0,7,1.57,0,TypeScript,2021-2023,1.0,197.0,0.0,0.22,0
12,1,0,0,110,0,7,0,1,1.0,0,TypeScript,2021-2023,1.0,110.0,0.0,0.12,0
12,1,0,0,22,103,6,0,0,0.0,0,TypeScript,2021-2023,1.0,0.21,0.0,0.0,0
12,1,0,0,43,1,3,0,2,3.0,0,TypeScript,2021-2023,1.0,21.5,0.0,0.75,0
12,1,0,0,18,27,2,0,2,1.0,0,TypeScript,2021-2023,1.0,0.64,0.0,0.33,0
12,1,0,0,47,1,3,0,1,1.0,0,TypeScript,2021-2023,1.0,23.5,0.0,0.25,0
12,1,0,0,1008,927,48,0,237,1.49,0,TypeScript,2021-2023,1.0,1.09,0.0,0.03,0
13,1,0,0,927,1008,48,0,237,1.48,0,TypeScript,2021-2023,1.0,0.92,0.0,0.03,0
15,1,0,0,95,2,6,0,5,2.0,0,TypeScript,2021-2023,1.0,31.67,0.0,0.29,0
17,1,0,0,17,17,10,0,0,0.0,0,TypeScript,2021-2023,1.0,0.94,0.0,0.0,0
17,1,0,0,698,502,10,0,43,4.79,0,TypeScript,2021-2023,1.0,1.39,0.0,0.44,0
18,1,0,0,6711,15078,7,0,4,1.0,0,TypeScript,2021-2023,1.0,0.45,0.0,0.12,0
19,1,0,0,280,0,7,0,5,1.0,0,TypeScript,2021-2023,1.0,280.0,0.0,0.12,0
19,1,0,0,343,394,3,0,0,0.0,0,TypeScript,2021-2023,1.0,0.87,0.0,0.0,0
21,1,0,0,873,14,2,0,13,2.23,0,TypeScript,2021-2023,1.0,58.2,0.0,0.74,0
21,3,0,0,5,2,1,0,0,0.0,0,TypeScript,2021-2023,1.0,1.67,0.0,0.0,0
15,2,0,0,19,0,1,0,0,0.0,0,TypeScript,2021-2023,1.0,19.0,0.0,0.0,0
15,2,0,0,2,2,1,0,0,0.0,0,TypeScript,2021-2023,1.0,0.67,0.0,0.0,0
15,2,0,0,6,1,1,0,0,0.0,0,TypeScript,2021-2023,1.0,3.0,0.0,0.0,0
15,2,0,0,41,0,1,0,0,0.0,0,TypeScript,2021-2023,1.0,41.0,0.0,0.0,0
16,2,0,0,11067,1688,3,0,1,4.0,0,TypeScript,2021-2023,1.0,6.55,0.0,1.0,0
16,2,0,0,1,1,1,0,0,0.0,0,TypeScript,2021-2023,1.0,0.5,0.0,0.0,0
21,2,0,0,158,9,6,0,6,25.33,0,TypeScript,2021-2023,1.0,15.8,0.0,3.62,0
21,2,0,0,51,1,3,0,2,1.5,0,TypeScript,2021-2023,1.0,25.5,0.0,0.38,0
10,3,0,0,65,1,3,0,5,1.0,0,TypeScript,2021-2023,1.0,32.5,0.0,0.25,0
10,3,0,0,12,10,1,0,1,1.0,0,TypeScript,2021-2023,1.0,1.09,0.0,0.5,0
11,3,0,0,30,6,2,0,15,4.4,0,TypeScript,2021-2023,1.0,4.29,0.0,1.47,0
11,3,0,0,3,1,1,0,1,1.0,0,TypeScript,2021-2023,1.0,1.5,0.0,0.5,0
11,3,0,0,49,1,3,0,4,1.5,0,TypeScript,2021-2023,1.0,24.5,0.0,0.38,0
11,3,0,0,3,9,2,0,1,1.0,0,TypeScript,2021-2023,1.0,0.3,0.0,0.33,0
11,3,0,0,51,1,3,0,2,1.0,0,TypeScript,2021-2023,1.0,25.5,0.0,0.25,0
11,3,0,0,1,1,1,0,0,0.0,0,TypeScript,2021-2023,1.0,0.5,0.0,0.0,0
12,3,0,0,324,6,16,0,6,2.17,0,TypeScript,2021-2023,1.0,46.29,0.0,0.13,0
12,3,0,0,3,3,1,0,1,4.0,0,TypeScript,2021-2023,1.0,0.75,0.0,2.0,0
12,3,0,0,15,0,3,0,1,1.0,0,TypeScript,2021-2023,1.0,15.0,0.0,0.25,0
13,3,0,0,150,3,6,0,7,4.57,0,TypeScript,2021-2023,1.0,37.5,0.0,0.65,0
13,3,0,0,202,5,5,0,12,1.33,0,TypeScript,2021-2023,1.0,33.67,0.0,0.22,0
13,3,0,0,78,0,3,0,1,1.0,0,TypeScript,2021-2023,1.0,78.0,0.0,0.25,0
13,3,0,0,250,34,7,0,9,2.89,0,TypeScript,2021-2023,1.0,7.14,0.0,0.36,0
14,3,0,0,48,9,2,0,4,2.25,0,TypeScript,2021-2023,1.0,4.8,0.0,0.75,0
14,3,0,0,356,142,20,0,33,3.73,0,TypeScript,2021-2023,1.0,2.49,0.0,0.18,0
14,3,0,0,27,1,2,0,0,0.0,0,TypeScript,2021-2023,1.0,13.5,0.0,0.0,0
15,3,0,0,2,2,1,0,1,1.0,0,TypeScript,2021-2023,1.0,0.67,0.0,0.5,0
11,6,1,0,1196,24266,14,0,9,2.89,0,TypeScript,2021-2023,1.0,0.05,0.0,0.19,0
11,6,1,0,11,1,2,0,0,0.0,0,TypeScript,2021-2023,1.0,5.5,0.0,0.0,0
10,0,0,0,20434,0,1,0,0,0.0,0,TypeScript,2021-2023,1.0,20434.0,0.0,0.0,0
5,3,0,1,21,2,1,0,0,0.0,0,TypeScript,2021-2023,1.0,7.0,0.0,0.0,0
5,3,0,1,20,10,3,0,1,1.0,0,TypeScript,2021-2023,1.0,1.82,0.0,0.25,0
13,5,1,0,13932,8589,97,1,595,1.24,0,TypeScript,2021-2023,1.0,1.62,0.01,0.01,0
14,5,1,0,7,3,1,0,1,1.0,0,TypeScript,2021-2023,1.0,1.75,0.0,0.5,0
14,5,1,0,1,1,1,0,1,8.0,0,TypeScript,2021-2023,1.0,0.5,0.0,4.0,0
14,5,1,0,10,8,1,0,0,0.0,0,TypeScript,2021-2023,1.0,1.11,0.0,0.0,0
14,5,1,0,1,1,1,0,0,0.0,0,TypeScript,2021-2023,1.0,0.5,0.0,0.0,0
14,5,1,0,4,4,3,0,0,0.0,0,TypeScript,2021-2023,1.0,0.8,0.0,0.0,0
14,5,1,0,26,29,2,0,3,4.0,0,TypeScript,2021-2023,1.0,0.87,0.0,1.33,0
15,5,1,0,1,0,1,0,1,1.0,0,TypeScript,2021-2023,1.0,1.0,0.0,0.5,0
18,5,1,0,14,2,2,0,0,0.0,0,TypeScript,2021-2023,1.0,4.67,0.0,0.0,0
18,5,1,0,8,0,1,0,0,0.0,0,TypeScript,2021-2023,1.0,8.0,0.0,0.0,0
21,0,0,0,10,0,4,0,0,0.0,0,TypeScript,2021-2023,1.0,10.0,0.0,0.0,0
12,1,0,0,1,1,1,0,0,0.0,0,TypeScript,2021-2023,1.0,0.5,0.0,0.0,0
14,1,0,0,88,1,4,0,7,6.29,1,TypeScript,2021-2023,0.062,44.0,0.0,1.26,0
22,1,0,1,55,3,3,0,3,3.33,0,TypeScript,2021-2023,1.0,13.75,0.0,0.83,0
22,1,0,1,3,3,2,0,2,3.5,0,TypeScript,2021-2023,1.0,0.75,0.0,1.17,0
11,1,0,0,376,6,14,0,8,7.25,0,TypeScript,2021-2023,1.0,53.71,0.0,0.48,0
13,1,0,0,2,0,1,0,0,0.0,0,TypeScript,2021-2023,1.0,2.0,0.0,0.0,1
13,1,0,0,597,11227,3,0,1,4.0,0,TypeScript,2021-2023,1.0,0.05,0.0,1.0,0
14,1,0,0,118,2,3,0,2,12.5,0,TypeScript,2021-2023,1.0,39.33,0.0,3.12,0
15,1,0,0,3,1,1,0,1,1.0,0,TypeScript,2021-2023,1.0,1.5,0.0,0.5,0
15,1,0,0,140,6,5,0,13,3.54,0,TypeScript,2021-2023,1.0,20.0,0.0,0.59,0
15,1,0,0,8,0,2,0,0,0.0,0,TypeScript,2021-2023,1.0,8.0,0.0,0.0,0
15,1,0,0,5,0,1,0,0,0.0,0,TypeScript,2021-2023,1.0,5.0,0.0,0.0,0
15,1,0,0,5,2,1,0,0,0.0,0,TypeScript,2021-2023,1.0,1.67,0.0,0.0,0
15,1,0,0,119,4,7,0,4,9.0,0,TypeScript,2021-2023,1.0,23.8,0.0,1.12,0
15,1,0,0,113,1,4,0,8,2.62,0,TypeScript,2021-2023,1.0,56.5,0.0,0.52,0
16,1,0,0,27,1,2,0,2,9.0,0,TypeScript,2021-2023,1.0,13.5,0.0,3.0,0
22,1,0,1,507,39,18,0,14,4.64,0,TypeScript,2021-2023,1.0,12.68,0.0,0.24,0
22,1,0,1,352,3,8,1,7,1.0,0,TypeScript,2021-2023,1.0,88.0,0.11,0.11,0
23,1,0,1,144,22,5,0,7,4.14,0,TypeScript,2021-2023,1.0,6.26,0.0,0.69,0
23,1,0,1,114,115,3,0,0,0.0,0,TypeScript,2021-2023,1.0,0.98,0.0,0.0,0
14,2,0,0,1,1,1,0,1,1.0,0,TypeScript,2021-2023,1.0,0.5,0.0,0.5,0
11,0,0,0,1,1,1,0,1,9.0,0,TypeScript,2021-2023,1.0,0.5,0.0,4.5,0
7,1,0,0,12,11,1,0,0,0.0,0,TypeScript,2021-2023,1.0,1.0,0.0,0.0,0
12,1,0,0,75,1,4,0,3,1.0,0,TypeScript,2021-2023,1.0,37.5,0.0,0.2,0
12,1,0,0,8,1,2,0,0,0.0,0,TypeScript,2021-2023,1.0,4.0,0.0,0.0,0
12,5,1,0,5,5,1,0,0,0.0,0,TypeScript,2021-2023,1.0,0.83,0.0,0.0,0
12,5,1,0,1,1,1,0,0,0.0,0,TypeScript,2021-2023,1.0,0.5,0.0,0.0,0
17,5,1,0,2,2,1,0,0,0.0,0,TypeScript,2021-2023,1.0,0.67,0.0,0.0,0
17,5,1,0,1,1,1,0,0,0.0,0,TypeScript,2021-2023,1.0,0.5,0.0,0.0,0
17,5,1,0,23,23,1,0,0,0.0,0,TypeScript,2021-2023,1.0,0.96,0.0,0.0,0
17,5,1,0,2,2,1,0,0,0.0,0,TypeScript,2021-2023,1.0,0.67,0.0,0.0,0
17,5,1,0,19,0,1,0,0,0.0,0,TypeScript,2021-2023,1.0,19.0,0.0,0.0,0
17,5,1,0,149,0,4,0,1,1.0,0,TypeScript,2021-2023,1.0,149.0,0.0,0.2,0
17,5,1,0,1,0,1,0,0,0.0,0,TypeScript,2021-2023,1.0,1.0,0.0,0.0,0
18,5,1,0,14,0,2,0,0,0.0,0,TypeScript,2021-2023,1.0,14.0,0.0,0.0,0
20,5,1,0,81,1,3,0,3,3.0,0,TypeScript,2021-2023,1.0,40.5,0.0,0.75,0
20,5,1,0,3,2,1,0,1,8.0,0,TypeScript,2021-2023,1.0,1.0,0.0,4.0,0
20,5,1,0,14,9,1,0,4,1.25,0,TypeScript,2021-2023,1.0,1.4,0.0,0.62,0
20,5,1,0,74,29,7,0,10,2.4,0,TypeScript,2021-2023,1.0,2.47,0.0,0.3,0
20,5,1,0,3,3,2,0,1,1.0,0,TypeScript,2021-2023,1.0,0.75,0.0,0.33,0
20,5,1,0,4,0,1,0,1,9.0,0,TypeScript,2021-2023,1.0,4.0,0.0,4.5,0
20,5,1,0,3,3,2,0,2,2.0,0,TypeScript,2021-2023,1.0,0.75,0.0,0.67,0
20,5,1,0,113,24,10,1,11,3.0,0,TypeScript,2021-2023,1.0,4.52,0.09,0.27,0
20,5,1,0,92,1,3,0,2,1.0,0,TypeScript,2021-2023,1.0,46.0,0.0,0.25,0
14,5,1,0,1,1,1,0,0,0.0,0,TypeScript,2021-2023,1.0,0.5,0.0,0.0,0
14,5,1,0,31,26,2,0,0,0.0,0,TypeScript,2021-2023,1.0,1.15,0.0,0.0,0
18,4,0,0,1,1,1,0,0,0.0,0,TypeScript,2021-2023,1.0,0.5,0.0,0.0,0
14,5,1,0,1,1,1,0,0,0.0,0,TypeScript,2021-2023,1.0,0.5,0.0,0.0,0
14,5,1,0,4,4,1,0,0,0.0,0,TypeScript,2021-2023,1.0,0.8,0.0,0.0,0
14,5,1,0,1,1,1,0,0,0.0,0,TypeScript,2021-2023,1.0,0.5,0.0,0.0,0
14,5,1,0,1,1,1,0,0,0.0,0,TypeScript,2021-2023,1.0,0.5,0.0,0.0,0
15,5,1,0,132,2,5,0,7,1.57,0,TypeScript,2021-2023,1.0,44.0,0.0,0.26,0
15,5,1,0,36,0,3,0,2,1.5,0,TypeScript,2021-2023,1.0,36.0,0.0,0.38,0
9,3,0,0,0,3,1,1,2,4.5,0,TypeScript,2021-2023,1.0,0.0,0.5,2.25,0
15,0,0,0,48,10,8,0,12,13.67,1,TypeScript,2021-2023,0.4,4.36,0.0,1.52,0
21,0,0,0,23,6,3,0,2,7.0,0,TypeScript,2021-2023,1.0,3.29,0.0,1.75,1
2,1,0,1,960,826,16,0,55,6.73,1,TypeScript,2021-2023,0.4,1.16,0.0,0.4,0
3,1,0,1,18,1,6,0,12,17.92,1,TypeScript,2021-2023,0.4,9.0,0.0,2.56,0
3,1,0,1,1,1,1,0,0,0.0,0,TypeScript,2021-2023,1.0,0.5,0.0,0.0,0
4,1,0,1,526,309,10,0,26,3.92,1,TypeScript,2021-2023,0.4,1.7,0.0,0.36,0
6,1,0,0,419,147,6,0,19,2.47,1,TypeScript,2021-2023,0.4,2.83,0.0,0.35,1
7,1,0,0,76,24,7,0,6,3.83,1,TypeScript,2021-2023,0.4,3.04,0.0,0.48,0
10,1,0,0,4,2,2,0,1,27.0,0,TypeScript,2021-2023,1.0,1.33,0.0,9.0,0
15,1,0,0,6,8,1,0,3,5.0,0,TypeScript,2021-2023,1.0,0.67,0.0,2.5,1
3,2,0,1,5,0,1,0,0,0.0,0,TypeScript,2021-2023,1.0,5.0,0.0,0.0,0
3,2,0,1,396,163,14,0,28,3.36,1,TypeScript,2021-2023,0.4,2.41,0.0,0.22,2
4,2,0,1,4,12,2,0,0,0.0,0,TypeScript,2021-2023,1.0,0.31,0.0,0.0,0
4,2,0,1,135,121,15,0,15,2.4,1,TypeScript,2021-2023,0.4,1.11,0.0,0.15,0
4,2,0,1,1,1,1,0,0,0.0,1,TypeScript,2021-2023,0.4,0.5,0.0,0.0,0
5,2,0,1,0,0,1,0,0,0.0,0,TypeScript,2021-2023,1.0,0.0,0.0,0.0,1
5,2,0,1,11,18,1,0,0,0.0,0,TypeScript,2021-2023,1.0,0.58,0.0,0.0,0
8,2,0,0,16,14,1,0,2,5.0,0,TypeScript,2021-2023,1.0,1.07,0.0,2.5,1
3,3,0,1,621,144,17,0,37,5.62,0,TypeScript,2021-2023,1.0,4.28,0.0,0.31,0
3,3,0,1,7,2,2,0,2,23.0,0,TypeScript,2021-2023,1.0,2.33,0.0,7.67,0
3,3,0,1,791,493,3,0,11,8.45,0,TypeScript,2021-2023,1.0,1.6,0.0,2.11,1
5,3,0,1,60,26,7,0,15,10.8,1,TypeScript,2021-2023,0.4,2.22,0.0,1.35,0
18,3,0,0,1,1,1,0,0,0.0,1,TypeScript,2021-2023,0.4,0.5,0.0,0.0,0
21,3,0,0,14,9,2,0,2,7.5,0,TypeScript,2021-2023,1.0,1.4,0.0,2.5,1
23,3,0,1,77,60,7,0,11,3.73,0,TypeScript,2021-2023,1.0,1.26,0.0,0.47,0
3,4,0,1,5,4,4,0,1,2.0,0,TypeScript,2021-2023,1.0,1.0,0.0,0.4,1
4,4,0,1,138,4,3,0,5,2.2,0,TypeScript,2021-2023,1.0,27.6,0.0,0.55,0
4,4,0,1,16,22,4,0,7,3.86,1,TypeScript,2021-2023,0.4,0.7,0.0,0.77,0
8,4,0,0,2,0,3,0,1,9.0,0,TypeScript,2021-2023,1.0,2.0,0.0,2.25,1
8,4,0,0,21,11,6,0,0,0.0,0,TypeScript,2021-2023,1.0,1.75,0.0,0.0,1
8,4,0,0,76,19,3,0,4,6.0,0,TypeScript,2021-2023,1.0,3.8,0.0,1.5,1
8,4,0,0,21,15,1,0,1,8.0,1,TypeScript,2021-2023,0.4,1.31,0.0,4.0,3
8,4,0,0,16,7,2,0,3,2.0,1,TypeScript,2021-2023,0.4,2.0,0.0,0.67,4
9,4,0,0,1,1,1,0,0,0.0,0,TypeScript,2021-2023,1.0,0.5,0.0,0.0,1
16,4,0,0,7,2,2,0,3,2.33,0,TypeScript,2021-2023,1.0,2.33,0.0,0.78,0
21,4,0,0,165,47,11,0,12,5.92,1,TypeScript,2021-2023,0.4,3.44,0.0,0.49,1
11,5,1,0,328,126,21,0,35,3.26,1,TypeScript,2021-2023,0.4,2.58,0.0,0.15,2
15,5,1,0,53,79,7,0,8,5.38,1,TypeScript,2021-2023,0.4,0.66,0.0,0.67,1
15,5,1,0,1,1,1,0,1,3.0,0,TypeScript,2021-2023,1.0,0.5,0.0,1.5,1
15,5,1,0,15,15,3,0,0,0.0,0,TypeScript,2021-2023,1.0,0.94,0.0,0.0,3
17,5,1,0,2,2,2,0,2,1.5,1,TypeScript,2021-2023,0.4,0.67,0.0,0.5,1
18,5,1,0,1,1,1,0,2,5.0,0,TypeScript,2021-2023,1.0,0.5,0.0,2.5,1
23,5,1,1,7,2,1,0,2,8.0,1,TypeScript,2021-2023,0.4,2.33,0.0,4.0,3
5,6,1,1,1,1,1,0,0,0.0,0,TypeScript,2021-2023,1.0,0.5,0.0,0.0,2
15,6,1,0,8,2,1,0,0,0.0,1,TypeScript,2021-2023,0.4,2.67,0.0,0.0,0
12,0,0,0,49,15,4,0,4,4.5,0,TypeScript,2021-2023,1.0,3.06,0.0,0.9,1
14,0,0,0,80,0,3,0,3,7.0,1,TypeScript,2021-2023,0.4,80.0,0.0,1.75,1
16,0,0,0,59,6,4,0,8,3.25,1,TypeScript,2021-2023,0.4,8.43,0.0,0.65,0
16,0,0,0,11,6,1,0,3,3.33,0,TypeScript,2021-2023,1.0,1.57,0.0,1.66,2
7,1,0,0,302,281,58,1,47,3.34,1,TypeScript,2021-2023,0.4,1.07,0.02,0.06,2
18,2,0,0,200,16,5,0,7,4.0,0,TypeScript,2021-2023,1.0,11.76,0.0,0.67,2
19,2,0,0,9,8,1,0,1,14.0,0,TypeScript,2021-2023,1.0,1.0,0.0,7.0,2
19,2,0,0,0,0,1,0,0,0.0,1,TypeScript,2021-2023,0.4,0.0,0.0,0.0,0
4,3,0,1,2417,1400,33,0,114,6.96,1,TypeScript,2021-2023,0.4,1.73,0.0,0.2,1
11,3,0,0,1,1,1,0,2,3.5,1,TypeScript,2021-2023,0.4,0.5,0.0,1.75,2
17,3,0,0,28,22,8,0,5,4.6,1,TypeScript,2021-2023,0.4,1.22,0.0,0.51,1
15,4,0,0,49,47,2,0,3,7.67,1,TypeScript,2021-2023,0.4,1.02,0.0,2.56,3
16,4,0,0,5,1,1,0,1,4.0,0,TypeScript,2021-2023,1.0,2.5,0.0,2.0,4
20,4,0,0,3,0,1,0,0,0.0,0,TypeScript,2021-2023,1.0,3.0,0.0,0.0,1
19,5,1,0,1,1,1,0,0,0.0,1,TypeScript,2021-2023,0.4,0.5,0.0,0.0,0
0,6,1,1,32,15,4,0,0,0.0,1,TypeScript,2021-2023,0.4,2.0,0.0,0.0,3
5,6,1,1,0,2,2,0,0,0.0,0,TypeScript,2021-2023,1.0,0.0,0.0,0.0,1
14,6,1,0,8,15,5,0,3,6.67,0,TypeScript,2021-2023,1.0,0.5,0.0,1.11,1
15,6,1,0,2,2,2,0,1,15.0,1,TypeScript,2021-2023,0.4,0.67,0.0,5.0,5
0,0,0,1,12,8,2,0,5,4.0,1,TypeScript,2021-2023,0.4,1.33,0.0,1.33,6
0,0,0,1,14,4,4,0,3,4.33,0,TypeScript,2021-2023,1.0,2.8,0.0,0.87,7
0,0,0,1,58,10,2,0,6,1.17,0,TypeScript,2021-2023,1.0,5.27,0.0,0.39,7
8,0,0,0,2589,1973,51,0,178,2.99,1,TypeScript,2021-2023,0.4,1.31,0.0,0.06,7
11,0,0,0,53,4,1,0,3,7.67,0,TypeScript,2021-2023,1.0,10.6,0.0,3.84,4
15,0,0,0,14,295,5,0,8,12.38,0,TypeScript,2021-2023,1.0,0.05,0.0,2.06,1
16,0,0,0,1,4,1,0,1,2.0,0,TypeScript,2021-2023,1.0,0.2,0.0,1.0,1
16,0,0,0,75,34,25,0,8,5.12,0,TypeScript,2021-2023,1.0,2.14,0.0,0.2,4
4,1,0,1,75,206,11,0,24,2.71,1,TypeScript,2021-2023,0.4,0.36,0.0,0.23,8
4,1,0,1,69,74,2,0,4,4.0,1,TypeScript,2021-2023,0.4,0.92,0.0,1.33,9
13,1,0,0,3,3,1,0,3,3.67,1,TypeScript,2021-2023,0.4,0.75,0.0,1.84,4
17,1,0,0,5,8,1,0,2,6.0,1,TypeScript,2021-2023,0.4,0.56,0.0,3.0,1
5,2,0,1,306,150,10,0,19,6.32,1,TypeScript,2021-2023,0.4,2.03,0.0,0.57,2
14,2,0,0,255,38,8,0,14,2.21,1,TypeScript,2021-2023,0.4,6.54,0.0,0.25,0
15,2,0,0,87,101,27,0,18,4.39,1,TypeScript,2021-2023,0.4,0.85,0.0,0.16,2
2,4,0,1,149,179,11,0,17,2.18,0,TypeScript,2021-2023,1.0,0.83,0.0,0.18,2
8,4,0,0,27,11,4,0,5,5.2,1,TypeScript,2021-2023,0.4,2.25,0.0,1.04,4
17,4,0,0,1131,344,28,0,56,7.14,1,TypeScript,2021-2023,0.4,3.28,0.0,0.25,2
3,5,1,1,33,33,11,0,0,0.0,0,TypeScript,2021-2023,1.0,0.97,0.0,0.0,3
4,5,1,1,0,19,9,0,0,0.0,0,TypeScript,2021-2023,1.0,0.0,0.0,0.0,1
9,5,1,0,13,10,3,0,3,8.33,0,TypeScript,2021-2023,1.0,1.18,0.0,2.08,10
10,5,1,0,72,67,18,0,4,6.25,0,TypeScript,2021-2023,1.0,1.06,0.0,0.33,10
16,5,1,0,2,4,1,0,1,3.0,0,TypeScript,2021-2023,1.0,0.4,0.0,1.5,1
20,6,1,0,113,130,2,0,8,5.12,0,TypeScript,2021-2023,1.0,0.86,0.0,1.71,5
20,6,1,0,32,10,5,0,4,7.0,1,TypeScript,2021-2023,0.4,2.91,0.0,1.17,2
21,6,1,0,16,11,8,0,4,5.0,0,TypeScript,2021-2023,1.0,1.33,0.0,0.56,3
4,0,0,1,1,1,1,0,2,1.5,1,TypeScript,2021-2023,0.4,0.5,0.0,0.75,3
10,0,0,0,449,222,17,0,31,9.48,1,TypeScript,2021-2023,0.4,2.01,0.0,0.53,5
11,0,0,0,36,4,4,0,3,3.0,0,TypeScript,2021-2023,1.0,7.2,0.0,0.6,5
12,0,0,0,1,2,2,0,1,2.0,1,TypeScript,2021-2023,0.4,0.33,0.0,0.67,6
15,0,0,0,0,3,3,0,3,1.33,0,TypeScript,2021-2023,1.0,0.0,0.0,0.33,3
8,1,0,0,1,1,1,0,3,7.0,0,TypeScript,2021-2023,1.0,0.5,0.0,3.5,3
8,1,0,0,9,2,1,0,0,0.0,0,TypeScript,2021-2023,1.0,3.0,0.0,0.0,3
8,1,0,0,3,0,1,0,3,1.33,0,TypeScript,2021-2023,1.0,3.0,0.0,0.66,3
19,1,0,0,10,23,2,0,3,73.67,1,TypeScript,2021-2023,0.4,0.42,0.0,24.56,3
19,2,0,0,150,55,2,0,3,3.33,0,TypeScript,2021-2023,1.0,2.68,0.0,1.11,7
7,3,0,0,0,0,1,0,0,0.0,1,TypeScript,2021-2023,0.4,0.0,0.0,0.0,4
13,3,0,0,332,155,10,0,19,7.53,1,TypeScript,2021-2023,0.4,2.13,0.0,0.68,3
18,3,0,0,2,0,2,0,3,1.33,0,TypeScript,2021-2023,1.0,2.0,0.0,0.44,5
9,4,0,0,20,14,1,0,2,16.5,1,TypeScript,2021-2023,0.4,1.33,0.0,8.25,7
10,4,0,0,123,88,6,0,16,3.44,0,TypeScript,2021-2023,1.0,1.38,0.0,0.49,4
20,4,0,0,1,1,2,0,0,0.0,0,TypeScript,2021-2023,1.0,0.5,0.0,0.0,4
22,4,0,1,70,49,2,0,8,27.62,0,TypeScript,2021-2023,1.0,1.4,0.0,9.21,4
12,6,1,0,35,4,1,0,1,25.0,1,TypeScript,2021-2023,0.4,7.0,0.0,12.5,8
22,6,1,1,50,50,3,0,1,5.0,1,TypeScript,2021-2023,0.4,0.98,0.0,1.25,4
6,0,0,0,570,236,27,0,47,6.09,0,TypeScript,2021-2023,1.0,2.41,0.0,0.22,10
7,0,0,0,174,34,8,0,11,6.0,1,TypeScript,2021-2023,0.4,4.97,0.0,0.67,10
17,0,0,0,16,1,1,0,1,10.0,0,TypeScript,2021-2023,1.0,8.0,0.0,5.0,0
17,0,0,0,0,0,1,0,0,0.0,0,TypeScript,2021-2023,1.0,0.0,0.0,0.0,5
9,1,0,0,149,69,7,0,11,3.73,0,TypeScript,2021-2023,1.0,2.13,0.0,0.47,3
17,1,0,0,1,2,1,0,0,0.0,1,TypeScript,2021-2023,0.4,0.33,0.0,0.0,5
20,1,0,0,14,11,1,0,0,0.0,0,TypeScript,2021-2023,1.0,1.17,0.0,0.0,5
20,1,0,0,5,3,2,0,2,7.0,1,TypeScript,2021-2023,0.4,1.25,0.0,2.33,0
19,2,0,0,158,8,10,0,7,1.71,0,TypeScript,2021-2023,1.0,17.56,0.0,0.16,5
12,3,0,0,2,0,1,0,2,7.0,0,TypeScript,2021-2023,1.0,2.0,0.0,3.5,4
13,3,0,0,357,106,12,0,15,19.6,1,TypeScript,2021-2023,0.4,3.34,0.0,1.51,9
15,3,0,0,691,291,36,0,75,5.6,1,TypeScript,2021-2023,0.4,2.37,0.0,0.15,3
6,4,0,0,3489,1765,98,2,187,3.15,1,TypeScript,2021-2023,0.4,1.98,0.02,0.03,1
10,4,0,0,2,1,1,0,2,3.0,1,TypeScript,2021-2023,0.4,1.0,0.0,1.5,4
11,4,0,0,26,38,7,0,10,5.5,0,TypeScript,2021-2023,1.0,0.67,0.0,0.69,5
15,4,0,0,1,1,1,0,1,2.0,0,TypeScript,2021-2023,1.0,0.5,0.0,1.0,4
16,4,0,0,2,0,1,0,2,3.5,0,TypeScript,2021-2023,1.0,2.0,0.0,1.75,5
16,4,0,0,3,2,1,0,3,3.33,0,TypeScript,2021-2023,1.0,1.0,0.0,1.66,5
18,4,0,0,139,122,2,0,7,1.71,1,TypeScript,2021-2023,0.4,1.13,0.0,0.57,4
18,4,0,0,22,12,1,0,1,215.0,1,TypeScript,2021-2023,0.4,1.69,0.0,107.5,5
19,4,0,0,547,3377,63,0,31,7.32,1,TypeScript,2021-2023,0.4,0.16,0.0,0.11,5
20,4,0,0,7,1,2,0,3,1.67,0,TypeScript,2021-2023,1.0,3.5,0.0,0.56,5
21,4,0,0,308,183,18,0,32,3.69,0,TypeScript,2021-2023,1.0,1.67,0.0,0.19,5
22,4,0,1,13,9,7,0,2,6.5,1,TypeScript,2021-2023,0.4,1.3,0.0,0.81,6
11,5,1,0,33,14,3,0,5,1.6,0,TypeScript,2021-2023,1.0,2.2,0.0,0.4,5
5,1,0,1,112,130,7,0,12,3.92,0,TypeScript,2021-2023,1.0,0.85,0.0,0.49,5
5,1,0,1,4,1,1,0,3,3.33,0,TypeScript,2021-2023,1.0,2.0,0.0,1.66,5
0,2,0,1,95,201,13,0,17,2.41,0,TypeScript,2021-2023,1.0,0.47,0.0,0.17,6
20,2,0,0,197,1,5,0,5,5.2,0,TypeScript,2021-2023,1.0,98.5,0.0,0.87,0
23,2,0,1,4,2,1,0,4,6.0,0,TypeScript,2021-2023,1.0,1.33,0.0,3.0,0
23,2,0,1,53,39,1,0,2,4.5,0,TypeScript,2021-2023,1.0,1.32,0.0,2.25,0
8,3,0,0,25959,385,120,0,3,1.0,0,TypeScript,2021-2023,1.0,67.25,0.0,0.01,0
8,3,0,0,53,53,5,0,0,0.0,0,TypeScript,2021-2023,1.0,0.98,0.0,0.0,0
10,3,0,0,16,54,11,0,13,4.23,0,TypeScript,2021-2023,1.0,0.29,0.0,0.35,0
10,3,0,0,14,16,9,0,2,1.0,0,TypeScript,2021-2023,1.0,0.82,0.0,0.1,0
11,3,0,0,1,1,1,0,1,1.0,0,TypeScript,2021-2023,1.0,0.5,0.0,0.5,0
11,3,0,0,1736,1285,35,0,106,6.13,0,TypeScript,2021-2023,1.0,1.35,0.0,0.17,4
11,3,0,0,17,1,1,0,0,0.0,0,TypeScript,2021-2023,1.0,8.5,0.0,0.0,0
11,3,0,0,435,506,2,0,11,2.55,0,TypeScript,2021-2023,1.0,0.86,0.0,0.85,10
13,3,0,0,10,6,6,0,0,0.0,0,TypeScript,2021-2023,1.0,1.43,0.0,0.0,0
15,3,0,0,159,160,3,0,22,1.45,0,TypeScript,2021-2023,1.0,0.99,0.0,0.36,0
18,3,0,0,9,5,1,0,1,2.0,1,TypeScript,2021-2023,0.4,1.5,0.0,1.0,4
18,3,0,0,34466,23192,19,0,0,0.0,0,TypeScript,2021-2023,1.0,1.49,0.0,0.0,0
18,3,0,0,40,40,3,0,0,0.0,0,TypeScript,2021-2023,1.0,0.98,0.0,0.0,0
18,3,0,0,0,2,2,0,0,0.0,0,TypeScript,2021-2023,1.0,0.0,0.0,0.0,0
19,3,0,0,19,19,2,0,0,0.0,0,TypeScript,2021-2023,1.0,0.95,0.0,0.0,0
19,3,0,0,8,17,1,0,0,0.0,0,TypeScript,2021-2023,1.0,0.44,0.0,0.0,0
19,3,0,0,193,128,3,0,0,0.0,0,TypeScript,2021-2023,1.0,1.5,0.0,0.0,0
19,3,0,0,21,24,2,0,1,5.0,1,TypeScript,2021-2023,0.4,0.84,0.0,1.67,7
20,3,0,0,209,165,23,0,30,3.17,1,TypeScript,2021-2023,0.4,1.26,0.0,0.13,10
21,3,0,0,21,21,3,0,0,0.0,0,TypeScript,2021-2023,1.0,0.95,0.0,0.0,5
22,3,0,1,104,42,7,0,10,4.8,0,TypeScript,2021-2023,1.0,2.42,0.0,0.6,0
22,3,0,1,1,1,1,0,1,1.0,0,TypeScript,2021-2023,1.0,0.5,0.0,0.5,0
4,4,0,1,6,2,2,0,3,2.0,1,TypeScript,2021-2023,0.4,2.0,0.0,0.67,5
10,4,0,0,3,3,1,0,3,3.33,0,TypeScript,2021-2023,1.0,0.75,0.0,1.66,11
11,4,0,0,19,4,3,0,8,10.62,0,TypeScript,2021-2023,1.0,3.8,0.0,2.66,0
11,4,0,0,27,27,6,0,4,5.25,0,TypeScript,2021-2023,1.0,0.96,0.0,0.75,0
14,4,0,0,47,29,12,0,18,4.33,0,TypeScript,2021-2023,1.0,1.57,0.0,0.33,0
14,4,0,0,17,15,3,0,4,7.25,0,TypeScript,2021-2023,1.0,1.06,0.0,1.81,11
16,4,0,0,2,1,1,0,0,0.0,0,TypeScript,2021-2023,1.0,1.0,0.0,0.0,0
16,4,0,0,5,2,1,0,1,19.0,0,TypeScript,2021-2023,1.0,1.67,0.0,9.5,5
17,4,0,0,2,2,2,0,0,0.0,0,TypeScript,2021-2023,1.0,0.67,0.0,0.0,0
17,4,0,0,1,1,1,0,0,0.0,0,TypeScript,2021-2023,1.0,0.5,0.0,0.0,0
17,4,0,0,1,1,1,0,0,0.0,0,TypeScript,2021-2023,1.0,0.5,0.0,0.0,0
18,4,0,0,11784,11704,1,0,0,0.0,0,TypeScript,2021-2023,1.0,1.01,0.0,0.0,0
19,4,0,0,8,1,4,0,0,0.0,1,TypeScript,2021-2023,0.4,4.0,0.0,0.0,6
22,4,0,1,96,32,8,0,11,4.45,1,TypeScript,2021-2023,0.4,2.91,0.0,0.49,6
0,5,1,1,1940,1967,57,0,150,2.91,1,TypeScript,2021-2023,0.4,0.99,0.0,0.05,5
1,5,1,1,2,2,3,0,0,0.0,0,TypeScript,2021-2023,1.0,0.67,0.0,0.0,7
1,5,1,1,19,15,2,0,1,3.0,1,TypeScript,2021-2023,0.4,1.19,0.0,1.0,8
1,5,1,1,13,8,5,0,4,3.25,0,TypeScript,2021-2023,1.0,1.44,0.0,0.54,7
5,5,1,1,20,9,1,0,1,1.0,1,TypeScript,2021-2023,0.4,2.0,0.0,0.5,9
16,5,1,0,388,0,3,0,10,4.9,0,TypeScript,2021-2023,1.0,388.0,0.0,1.23,0
22,5,1,1,20,7,1,0,2,1.0,1,TypeScript,2021-2023,0.4,2.5,0.0,0.5,11
22,5,1,1,8,4,2,0,3,4.33,1,TypeScript,2021-2023,0.4,1.6,0.0,1.44,12
22,5,1,1,8,28,2,0,3,1.0,0,TypeScript,2021-2023,1.0,0.28,0.0,0.33,13
22,5,1,1,1,16,1,0,1,18.0,0,TypeScript,2021-2023,1.0,0.06,0.0,9.0,7
8,6,1,0,91,44,3,0,3,3.67,1,TypeScript,2021-2023,0.4,2.02,0.0,0.92,13
17,6,1,0,163,154,5,0,9,4.22,0,TypeScript,2021-2023,1.0,1.05,0.0,0.7,14
6,0,0,0,397,0,2,0,12,1.75,0,TypeScript,2021-2023,1.0,397.0,0.0,0.58,0
8,0,0,0,7,10,2,0,2,2.0,0,TypeScript,2021-2023,1.0,0.64,0.0,0.67,14
9,0,0,0,15,10,2,0,3,1.33,0,TypeScript,2021-2023,1.0,1.36,0.0,0.44,6
9,0,0,0,1,1,1,0,2,4.0,1,TypeScript,2021-2023,0.4,0.5,0.0,2.0,6
11,0,0,0,25796,36881,15,0,0,0.0,0,TypeScript,2021-2023,1.0,0.7,0.0,0.0,0
12,0,0,0,41,34,11,0,2,11.0,0,TypeScript,2021-2023,1.0,1.17,0.0,0.92,0
15,0,0,0,292,285,21,0,13,5.23,0,TypeScript,2021-2023,1.0,1.02,0.0,0.24,0
22,0,0,1,144,43,4,0,11,2.64,0,TypeScript,2021-2023,1.0,3.27,0.0,0.53,0
16,1,0,0,29,11,1,0,2,16.5,0,TypeScript,2021-2023,1.0,2.42,0.0,8.25,0
16,1,0,0,72,41,2,0,5,3.6,0,TypeScript,2021-2023,1.0,1.71,0.0,1.2,14
16,1,0,0,29,15,2,0,2,1.5,0,TypeScript,2021-2023,1.0,1.81,0.0,0.5,14
16,1,0,0,11,2,2,0,1,1.0,0,TypeScript,2021-2023,1.0,3.67,0.0,0.33,0
16,1,0,0,3,166,4,0,9,2.22,0,TypeScript,2021-2023,1.0,0.02,0.0,0.44,0
17,1,0,0,0,60,2,0,2,2.0,0,TypeScript,2021-2023,1.0,0.0,0.0,0.67,0
17,1,0,0,181,139,40,0,48,5.21,1,TypeScript,2021-2023,0.4,1.29,0.0,0.13,7
19,1,0,0,1,1,1,0,0,0.0,1,TypeScript,2021-2023,0.4,0.5,0.0,0.0,14
19,1,0,0,37,7,3,0,8,3.75,0,TypeScript,2021-2023,1.0,4.62,0.0,0.94,0
20,1,0,0,1,1,1,0,2,2.5,0,TypeScript,2021-2023,1.0,0.5,0.0,1.25,0
20,1,0,0,3,1,1,0,2,3.0,0,TypeScript,2021-2023,1.0,1.5,0.0,1.5,0
0,2,0,1,15,15,5,0,2,1.0,0,TypeScript,2021-2023,1.0,0.94,0.0,0.17,0
0,2,0,1,4,4,2,0,0,0.0,0,TypeScript,2021-2023,1.0,0.8,0.0,0.0,0
13,2,0,0,1,1,1,0,0,0.0,0,TypeScript,2021-2023,1.0,0.5,0.0,0.0,0
15,2,0,0,42,29,4,0,4,3.25,0,TypeScript,2021-2023,1.0,1.4,0.0,0.65,0
16,2,0,0,25,17,3,0,7,7.14,0,TypeScript,2021-2023,1.0,1.39,0.0,1.78,0
16,2,0,0,1,1,1,0,1,3.0,0,TypeScript,2021-2023,1.0,0.5,0.0,1.5,0
20,2,0,0,111,41,2,0,6,1.83,0,TypeScript,2021-2023,1.0,2.64,0.0,0.61,0
7,3,0,0,413,17,17,0,16,2.38,0,TypeScript,2021-2023,1.0,22.94,0.0,0.13,6
16,3,0,0,261,97,12,0,26,7.58,0,TypeScript,2021-2023,1.0,2.66,0.0,0.58,0
16,3,0,0,13,1,1,0,1,1.0,0,TypeScript,2021-2023,1.0,6.5,0.0,0.5,0
0,4,0,1,1,1,1,0,1,1.0,1,TypeScript,2021-2023,0.4,0.5,0.0,0.5,10
10,4,0,0,13,1,1,0,2,4.5,0,TypeScript,2021-2023,1.0,6.5,0.0,2.25,0
15,4,0,0,41,2,1,0,4,8.5,0,TypeScript,2021-2023,1.0,13.67,0.0,4.25,0
20,4,0,0,1,1,1,0,2,4.5,0,TypeScript,2021-2023,1.0,0.5,0.0,2.25,0
21,4,0,0,2,2,2,0,2,7.0,0,TypeScript,2021-2023,1.0,0.67,0.0,2.33,0
11,5,1,0,298,123,2,0,2,4.0,0,TypeScript,2021-2023,1.0,2.4,0.0,1.33,0
11,5,1,0,2,2,2,0,0,0.0,0,TypeScript,2021-2023,1.0,0.67,0.0,0.0,0
14,6,1,0,1,1,1,0,0,0.0,0,TypeScript,2021-2023,1.0,0.5,0.0,0.0,0
16,0,0,0,17,18,1,0,3,9.67,1,TypeScript,2021-2023,0.4,0.89,0.0,4.84,7
20,0,0,0,4510,537,56,0,196,3.92,0,TypeScript,2021-2023,1.0,8.38,0.0,0.07,0
3,1,0,1,368,225,3,0,12,3.0,0,TypeScript,2021-2023,1.0,1.63,0.0,0.75,0
9,1,0,0,3,3,2,0,1,11.0,0,TypeScript,2021-2023,1.0,0.75,0.0,3.67,0
13,1,0,0,1842,644,88,0,174,4.4,1,TypeScript,2021-2023,0.4,2.86,0.0,0.05,11
17,1,0,0,25871,25719,5,0,0,0.0,0,TypeScript,2021-2023,1.0,1.01,0.0,0.0,0
18,1,0,0,8,4,4,0,0,0.0,0,TypeScript,2021-2023,1.0,1.6,0.0,0.0,0
19,1,0,0,51,75,3,0,9,3.0,0,TypeScript,2021-2023,1.0,0.67,0.0,0.75,0
21,1,0,0,91,91,2,0,7,1.57,0,TypeScript,2021-2023,1.0,0.99,0.0,0.52,6
21,1,0,0,3,15,1,0,1,213.0,0,TypeScript,2021-2023,1.0,0.19,0.0,106.5,15
0,2,0,1,24,23,1,0,0,0.0,0,TypeScript,2021-2023,1.0,1.0,0.0,0.0,0
1,2,0,1,1,1,1,0,3,4.0,0,TypeScript,2021-2023,1.0,0.5,0.0,2.0,0
3,2,0,1,2,2,2,0,4,2.75,1,TypeScript,2021-2023,0.4,0.67,0.0,0.92,6
6,2,0,0,11,3,2,0,2,8.5,1,TypeScript,2021-2023,0.4,2.75,0.0,2.83,1
7,2,0,0,0,1,1,0,1,11.0,0,TypeScript,2021-2023,1.0,0.0,0.0,5.5,0
9,2,0,0,10,0,1,0,1,216.0,0,TypeScript,2021-2023,1.0,10.0,0.0,108.0,15
12,2,0,0,447,22,15,0,28,4.07,0,TypeScript,2021-2023,1.0,19.43,0.0,0.25,0
12,2,0,0,2,3,2,0,6,5.17,0,TypeScript,2021-2023,1.0,0.5,0.0,1.72,0
15,2,0,0,5,2,1,0,0,0.0,0,TypeScript,2021-2023,1.0,1.67,0.0,0.0,0
16,2,0,0,1312,556,27,0,38,3.55,1,TypeScript,2021-2023,0.4,2.36,0.0,0.13,7
17,2,0,0,3,1,2,0,2,4.5,0,TypeScript,2021-2023,1.0,1.5,0.0,1.5,0
18,2,0,0,1,1,1,0,0,0.0,1,TypeScript,2021-2023,0.4,0.5,0.0,0.0,8
19,2,0,0,205,186,5,0,13,4.69,0,TypeScript,2021-2023,1.0,1.1,0.0,0.78,9
19,2,0,0,341,348,7,0,13,4.85,0,TypeScript,2021-2023,1.0,0.98,0.0,0.61,15
4,3,0,1,2,2,1,0,0,0.0,1,TypeScript,2021-2023,0.4,0.67,0.0,0.0,0
8,3,0,0,23,14,10,0,5,2.8,1,TypeScript,2021-2023,0.4,1.53,0.0,0.25,9
9,3,0,0,3,0,1,0,3,1.33,0,TypeScript,2021-2023,1.0,3.0,0.0,0.66,10
9,3,0,0,25,5,1,0,0,0.0,0,TypeScript,2021-2023,1.0,4.17,0.0,0.0,15
9,3,0,0,32,32,5,0,6,3.67,0,TypeScript,2021-2023,1.0,0.97,0.0,0.61,10
10,3,0,0,35,48,5,0,1,4.0,1,TypeScript,2021-2023,0.4,0.71,0.0,0.67,12
14,3,0,0,57,36,3,0,10,12.0,0,TypeScript,2021-2023,1.0,1.54,0.0,3.0,0
16,3,0,0,139,289,3,0,3,3.0,0,TypeScript,2021-2023,1.0,0.48,0.0,0.75,0
18,3,0,0,522,4,4,0,15,12.47,0,TypeScript,2021-2023,1.0,104.4,0.0,2.49,0
22,3,0,1,112,42,4,0,13,10.23,0,TypeScript,2021-2023,1.0,2.6,0.0,2.05,0
23,3,0,1,36,11,1,0,1,1.0,0,TypeScript,2021-2023,1.0,3.0,0.0,0.5,0
12,4,0,0,1,1,1,0,0,0.0,0,TypeScript,2021-2023,1.0,0.5,0.0,0.0,0
14,4,0,0,1,1,1,0,0,0.0,0,TypeScript,2021-2023,1.0,0.5,0.0,0.0,0
14,4,0,0,1,1,1,0,0,0.0,0,TypeScript,2021-2023,1.0,0.5,0.0,0.0,0
14,4,0,0,2,2,2,0,0,0.0,0,TypeScript,2021-2023,1.0,0.67,0.0,0.0,0
17,4,0,0,127,43,9,0,11,4.82,0,TypeScript,2021-2023,1.0,2.89,0.0,0.48,0
18,4,0,0,6,4,2,0,1,2.0,0,TypeScript,2021-2023,1.0,1.2,0.0,0.67,0
18,4,0,0,15,7,3,0,5,12.6,0,TypeScript,2021-2023,1.0,1.88,0.0,3.15,0
13,5,1,0,140,190,3,0,10,3.6,0,TypeScript,2021-2023,1.0,0.73,0.0,0.9,0
14,5,1,0,3,2,2,0,1,2.0,0,TypeScript,2021-2023,1.0,1.0,0.0,0.67,0
14,5,1,0,1,1,1,0,0,0.0,0,TypeScript,2021-2023,1.0,0.5,0.0,0.0,0
14,5,1,0,2,2,2,0,0,0.0,0,TypeScript,2021-2023,1.0,0.67,0.0,0.0,0
22,5,1,1,96,38,4,0,12,5.58,0,TypeScript,2021-2023,1.0,2.46,0.0,1.12,0
22,6,1,1,742,6,15,0,32,2.0,0,TypeScript,2021-2023,1.0,106.0,0.0,0.12,0
22,6,1,1,3,2,2,0,1,6.0,0,TypeScript,2021-2023,1.0,1.0,0.0,2.0,0
12,0,0,0,34,30,3,0,7,1.57,0,TypeScript,2021-2023,1.0,1.1,0.0,0.39,15
12,0,0,0,30,29,1,0,6,4.0,0,TypeScript,2021-2023,1.0,1.0,0.0,2.0,10
20,0,0,0,9,2,1,0,1,4.0,0,TypeScript,2021-2023,1.0,3.0,0.0,2.0,0
7,1,0,0,354,239,20,0,24,2.88,0,TypeScript,2021-2023,1.0,1.48,0.0,0.14,10
12,1,0,0,69,12,5,0,9,4.89,0,TypeScript,2021-2023,1.0,5.31,0.0,0.82,0
12,1,0,0,2,2,1,0,2,5.0,0,TypeScript,2021-2023,1.0,0.67,0.0,2.5,0
14,1,0,0,32,1,2,0,2,29.0,0,TypeScript,2021-2023,1.0,16.0,0.0,9.67,0
16,1,0,0,43,32,3,0,10,4.0,0,TypeScript,2021-2023,1.0,1.3,0.0,1.0,0
16,1,0,0,0,1,1,0,0,0.0,0,TypeScript,2021-2023,1.0,0.0,0.0,0.0,0
22,1,0,1,201,336,32,1,49,2.12,1,TypeScript,2021-2023,0.4,0.6,0.03,0.06,7
22,1,0,1,4,8,2,0,2,30.0,0,TypeScript,2021-2023,1.0,0.44,0.0,10.0,0
23,1,0,1,18,0,1,0,2,4.5,0,TypeScript,2021-2023,1.0,18.0,0.0,2.25,0
23,1,0,1,10,1,1,0,3,5.0,0,TypeScript,2021-2023,1.0,5.0,0.0,2.5,0
10,2,0,0,392,311,5,0,10,4.9,1,TypeScript,2021-2023,0.4,1.26,0.0,0.82,10
10,2,0,0,20,7,1,0,1,4.0,0,TypeScript,2021-2023,1.0,2.5,0.0,2.0,0
10,2,0,0,58,31,4,0,6,13.83,0,TypeScript,2021-2023,1.0,1.81,0.0,2.77,0
11,2,0,0,2767,1779,68,0,144,6.03,1,TypeScript,2021-2023,0.4,1.55,0.0,0.09,8
12,2,0,0,43,11,9,0,4,1.0,0,TypeScript,2021-2023,1.0,3.58,0.0,0.1,0
12,2,0,0,4,7,2,0,1,1.0,0,TypeScript,2021-2023,1.0,0.5,0.0,0.33,0
17,2,0,0,23,12,1,0,1,9.0,1,TypeScript,2021-2023,0.4,1.77,0.0,4.5,9
17,2,0,0,402,151,25,0,35,3.71,0,TypeScript,2021-2023,1.0,2.64,0.0,0.14,11
18,2,0,0,20,3,4,0,4,7.5,0,TypeScript,2021-2023,1.0,5.0,0.0,1.5,0
22,2,0,1,1232,16,3,0,48,2.31,0,TypeScript,2021-2023,1.0,72.47,0.0,0.58,0
10,3,0,0,3,3,3,0,3,9.67,0,TypeScript,2021-2023,1.0,0.75,0.0,2.42,0
19,3,0,0,165,90,7,0,17,4.65,0,TypeScript,2021-2023,1.0,1.81,0.0,0.58,11
13,4,0,0,118,631,3,0,50,1.92,0,TypeScript,2021-2023,1.0,0.19,0.0,0.48,0
16,4,0,0,0,1,1,0,0,0.0,0,TypeScript,2021-2023,1.0,0.0,0.0,0.0,0
17,4,0,0,543,710,22,0,27,4.74,1,TypeScript,2021-2023,0.062,0.76,0.0,0.21,0
17,4,0,0,39,11,3,0,6,4.67,0,TypeScript,2021-2023,1.0,3.25,0.0,1.17,1
18,4,0,0,276,3,9,0,8,4.38,0,TypeScript,2021-2023,1.0,69.0,0.0,0.44,1
20,4,0,0,239,0,6,0,5,3.6,0,TypeScript,2021-2023,1.0,239.0,0.0,0.51,0
22,4,0,1,5,5,2,0,3,3.0,0,TypeScript,2021-2023,1.0,0.83,0.0,1.0,0
23,4,0,1,1,1,1,0,0,0.0,0,TypeScript,2021-2023,1.0,0.5,0.0,0.0,0
23,4,0,1,1,1,1,0,1,10.0,0,TypeScript,2021-2023,1.0,0.5,0.0,5.0,0
18,6,1,0,1242,3,3,0,2,4.5,0,TypeScript,2021-2023,1.0,310.5,0.0,1.12,1
19,6,1,0,0,1,1,0,1,10.0,0,TypeScript,2021-2023,1.0,0.0,0.0,5.0,0
3,0,0,1,74,54,14,0,4,1.0,0,TypeScript,2021-2023,1.0,1.35,0.0,0.07,0
3,0,0,1,0,0,5,0,0,0.0,0,TypeScript,2021-2023,1.0,0.0,0.0,0.0,0
3,0,0,1,15,2,4,0,2,1.0,0,TypeScript,2021-2023,1.0,5.0,0.0,0.2,0
3,0,0,1,0,0,2,0,0,0.0,0,TypeScript,2021-2023,1.0,0.0,0.0,0.0,0
3,0,0,1,45,5,9,0,4,1.0,0,TypeScript,2021-2023,1.0,7.5,0.0,0.1,0
3,0,0,1,0,0,2,0,0,0.0,0,TypeScript,2021-2023,1.0,0.0,0.0,0.0,0
3,0,0,1,82,19,18,0,7,1.0,0,TypeScript,2021-2023,1.0,4.1,0.0,0.05,0
3,0,0,1,0,34,7,0,0,0.0,0,TypeScript,2021-2023,1.0,0.0,0.0,0.0,0
3,0,0,1,14,3,6,0,3,1.0,0,TypeScript,2021-2023,1.0,3.5,0.0,0.14,0
3,0,0,1,0,0,3,0,0,0.0,0,TypeScript,2021-2023,1.0,0.0,0.0,0.0,0
3,0,0,1,2,11,4,0,2,1.0,0,TypeScript,2021-2023,1.0,0.17,0.0,0.2,0
3,0,0,1,24,5,15,0,5,1.0,0,TypeScript,2021-2023,1.0,4.0,0.0,0.06,0
3,0,0,1,9,2,6,0,2,1.0,0,TypeScript,2021-2023,1.0,3.0,0.0,0.14,0
3,0,0,1,109,57,17,0,4,1.25,0,TypeScript,2021-2023,1.0,1.88,0.0,0.07,0
3,0,0,1,25,7,3,0,0,0.0,0,TypeScript,2021-2023,1.0,3.12,0.0,0.0,0
3,0,0,1,64,90,13,0,0,0.0,0,TypeScript,2021-2023,1.0,0.7,0.0,0.0,0
4,0,0,1,127,77,26,0,4,1.0,0,TypeScript,2021-2023,1.0,1.63,0.0,0.04,0
4,0,0,1,157,113,36,0,6,1.0,0,TypeScript,2021-2023,1.0,1.38,0.0,0.03,0
12,0,0,0,65,12,24,0,10,1.0,0,TypeScript,2021-2023,1.0,5.0,0.0,0.04,0
12,0,0,0,2,2,2,0,0,0.0,0,TypeScript,2021-2023,1.0,0.67,0.0,0.0,1
12,0,0,0,1,1,1,0,0,0.0,0,TypeScript,2021-2023,1.0,0.5,0.0,0.0,1
12,0,0,0,1,1,1,0,0,0.0,0,TypeScript,2021-2023,1.0,0.5,0.0,0.0,1
12,0,0,0,23,12,5,0,2,1.0,0,TypeScript,2021-2023,1.0,1.77,0.0,0.17,0
12,0,0,0,18,19,6,0,3,1.0,0,TypeScript,2021-2023,1.0,0.9,0.0,0.14,0
14,0,0,0,45,7,8,0,7,1.43,0,TypeScript,2021-2023,1.0,5.62,0.0,0.16,0
1,1,0,1,3,3,3,0,3,7.33,0,TypeScript,2021-2023,1.0,0.75,0.0,1.83,1
1,1,0,1,1,1,1,0,0,0.0,0,TypeScript,2021-2023,1.0,0.5,0.0,0.0,1
9,1,0,0,3547,1093,181,0,107,6.17,1,TypeScript,2021-2023,0.4,3.24,0.0,0.03,5
17,1,0,0,2085,143,11,0,20,11.1,0,TypeScript,2021-2023,1.0,14.48,0.0,0.92,1
17,1,0,0,16,4,3,0,0,0.0,0,TypeScript,2021-2023,1.0,3.2,0.0,0.0,0
17,1,0,0,54,14,8,0,0,0.0,0,TypeScript,2021-2023,1.0,3.6,0.0,0.0,0
17,1,0,0,4,4,2,0,0,0.0,0,TypeScript,2021-2023,1.0,0.8,0.0,0.0,0
23,1,0,1,120,29,4,0,8,23.62,0,TypeScript,2021-2023,1.0,4.0,0.0,4.72,1
1,2,0,1,2,0,1,0,1,24.0,0,TypeScript,2021-2023,1.0,2.0,0.0,12.0,0
2,2,0,1,9,0,1,0,0,0.0,0,TypeScript,2021-2023,1.0,9.0,0.0,0.0,6
9,2,0,0,2,2,2,0,0,0.0,1,TypeScript,2021-2023,0.4,0.67,0.0,0.0,11
16,2,0,0,2,2,2,0,0,0.0,0,TypeScript,2021-2023,1.0,0.67,0.0,0.0,1
16,2,0,0,1,1,1,0,0,0.0,0,TypeScript,2021-2023,1.0,0.5,0.0,0.0,1
18,2,0,0,1,1,1,0,0,0.0,0,TypeScript,2021-2023,1.0,0.5,0.0,0.0,1
21,2,0,0,2,11,2,0,2,8.0,0,TypeScript,2021-2023,1.0,0.17,0.0,2.67,1
23,2,0,1,464,51,5,0,21,6.29,0,TypeScript,2021-2023,1.0,8.92,0.0,1.05,1
0,3,0,1,579,78,9,0,56,3.21,0,TypeScript,2021-2023,1.0,7.33,0.0,0.32,1
1,3,0,1,11,10,1,0,4,1.75,0,TypeScript,2021-2023,1.0,1.0,0.0,0.88,1
1,3,0,1,1,1,1,0,3,14.33,0,TypeScript,2021-2023,1.0,0.5,0.0,7.16,1
5,3,0,1,279,842,19,0,49,2.9,0,TypeScript,2021-2023,1.0,0.33,0.0,0.14,11
11,3,0,0,116,248,71,0,22,1.0,0,TypeScript,2021-2023,1.0,0.47,0.0,0.01,0
12,3,0,0,116,248,71,0,22,1.0,0,TypeScript,2021-2023,1.0,0.47,0.0,0.01,0
12,3,0,0,1,1,1,0,1,1.0,0,TypeScript,2021-2023,1.0,0.5,0.0,0.5,0
12,3,0,0,1,1,1,0,0,0.0,0,TypeScript,2021-2023,1.0,0.5,0.0,0.0,0
17,3,0,0,223,42,10,0,8,5.38,0,TypeScript,2021-2023,1.0,5.19,0.0,0.49,1
20,3,0,0,15,13,2,0,3,6.67,0,TypeScript,2021-2023,1.0,1.07,0.0,2.22,1
1,4,0,1,68,9,1,0,2,1.0,0,TypeScript,2021-2023,1.0,6.8,0.0,0.5,1
9,4,0,0,59,4,1,0,2,9.0,0,TypeScript,2021-2023,1.0,11.8,0.0,4.5,0
9,4,0,0,1,1,1,0,0,0.0,0,TypeScript,2021-2023,1.0,0.5,0.0,0.0,0
12,4,0,0,98,109,5,0,14,4.07,0,TypeScript,2021-2023,1.0,0.89,0.0,0.68,0
12,4,0,0,135,0,3,0,5,1.8,0,TypeScript,2021-2023,1.0,135.0,0.0,0.45,0
12,4,0,0,104,0,2,0,2,3.0,0,TypeScript,2021-2023,1.0,104.0,0.0,1.0,0
12,4,0,0,67,0,2,0,2,1.5,0,TypeScript,2021-2023,1.0,67.0,0.0,0.5,0
12,4,0,0,3,4,2,0,2,4.0,0,TypeScript,2021-2023,1.0,0.6,0.0,1.33,0
12,4,0,0,1,1,1,0,0,0.0,0,TypeScript,2021-2023,1.0,0.5,0.0,0.0,0
14,4,0,0,19,6,1,0,3,7.33,0,TypeScript,2021-2023,1.0,2.71,0.0,3.66,0
16,4,0,0,14,7,1,0,2,7.0,0,TypeScript,2021-2023,1.0,1.75,0.0,3.5,1
11,5,1,0,0,2,2,0,0,0.0,0,TypeScript,2021-2023,1.0,0.0,0.0,0.0,0
17,5,1,0,1,1,1,0,1,1.0,0,TypeScript,2021-2023,1.0,0.5,0.0,0.5,0
23,6,1,1,1,0,1,0,1,10.0,0,TypeScript,2021-2023,1.0,1.0,0.0,5.0,0
15,1,0,0,13,37,6,0,6,3.5,0,TypeScript,2021-2023,1.0,0.34,0.0,0.5,1
16,1,0,0,7,3,3,0,3,5.33,0,TypeScript,2021-2023,1.0,1.75,0.0,1.33,1
16,1,0,0,18,2,4,0,3,1.0,0,TypeScript,2021-2023,1.0,6.0,0.0,0.2,1
19,2,0,0,6,0,5,0,1,25.0,0,TypeScript,2021-2023,1.0,6.0,0.0,4.17,0
1,3,0,1,32,9,2,0,6,2.5,0,TypeScript,2021-2023,1.0,3.2,0.0,0.83,1
1,3,0,1,67,18,2,0,4,10.25,0,TypeScript,2021-2023,1.0,3.53,0.0,3.42,1
2,3,0,1,1,0,1,0,1,6.0,0,TypeScript,2021-2023,1.0,1.0,0.0,3.0,1
1,4,0,1,4,1,1,0,3,17.67,0,TypeScript,2021-2023,1.0,2.0,0.0,8.84,1
13,4,0,0,2,0,1,0,0,0.0,0,TypeScript,2021-2023,1.0,2.0,0.0,0.0,0
13,4,0,0,61,53,1,0,55,1.0,0,TypeScript,2021-2023,1.0,1.13,0.0,0.5,0
13,4,0,0,1,0,1,0,0,0.0,0,TypeScript,2021-2023,1.0,1.0,0.0,0.0,0
13,4,0,0,1,1,1,0,3,17.67,0,TypeScript,2021-2023,1.0,0.5,0.0,8.84,1
13,4,0,0,13,8,1,0,3,18.0,0,TypeScript,2021-2023,1.0,1.44,0.0,9.0,1
14,4,0,0,211,0,14,0,6,2.5,0,TypeScript,2021-2023,1.0,211.0,0.0,0.17,0
14,4,0,0,155,0,7,0,6,1.83,0,TypeScript,2021-2023,1.0,155.0,0.0,0.23,0
14,4,0,0,1,1,1,0,0,0.0,0,TypeScript,2021-2023,1.0,0.5,0.0,0.0,0
14,4,0,0,30,4,4,0,3,32.0,0,TypeScript,2021-2023,1.0,6.0,0.0,6.4,0
15,4,0,0,132,126,8,0,6,16.83,0,TypeScript,2021-2023,1.0,1.04,0.0,1.87,0
15,4,0,0,292,49,9,0,2,7.5,0,TypeScript,2021-2023,1.0,5.84,0.0,0.75,0
15,4,0,0,8,4,1,0,0,0.0,0,TypeScript,2021-2023,1.0,1.6,0.0,0.0,0
15,4,0,0,5,0,1,0,2,6.5,0,TypeScript,2021-2023,1.0,5.0,0.0,3.25,0
15,4,0,0,112,1,8,0,9,2.22,0,TypeScript,2021-2023,1.0,56.0,0.0,0.25,0
15,4,0,0,1,1,1,0,1,1.0,0,TypeScript,2021-2023,1.0,0.5,0.0,0.5,0
15,4,0,0,2,1,1,0,0,0.0,0,TypeScript,2021-2023,1.0,1.0,0.0,0.0,0
15,4,0,0,89,12,4,0,3,1.0,0,TypeScript,2021-2023,1.0,6.85,0.0,0.2,0
15,4,0,0,64,60,6,0,12,1.25,0,TypeScript,2021-2023,1.0,1.05,0.0,0.18,0
15,4,0,0,121,2,3,0,2,6.5,0,TypeScript,2021-2023,1.0,40.33,0.0,1.62,0
15,4,0,0,0,1,1,0,0,0.0,0,TypeScript,2021-2023,1.0,0.0,0.0,0.0,0
15,4,0,0,82,0,3,0,3,10.33,0,TypeScript,2021-2023,1.0,82.0,0.0,2.58,0
15,4,0,0,1,1,1,0,1,29.0,0,TypeScript,2021-2023,1.0,0.5,0.0,14.5,0
15,4,0,0,8,11,2,0,0,0.0,0,TypeScript,2021-2023,1.0,0.67,0.0,0.0,0
15,4,0,0,2,2,2,0,0,0.0,0,TypeScript,2021-2023,1.0,0.67,0.0,0.0,0
15,4,0,0,63,5,8,0,2,17.0,0,TypeScript,2021-2023,1.0,10.5,0.0,1.89,0
15,4,0,0,1,1,1,0,0,0.0,0,TypeScript,2021-2023,1.0,0.5,0.0,0.0,0
16,4,0,0,3,0,1,0,2,4.5,0,TypeScript,2021-2023,1.0,3.0,0.0,2.25,0
16,4,0,0,14,14,1,0,0,0.0,0,TypeScript,2021-2023,1.0,0.93,0.0,0.0,0
16,4,0,0,6,1,1,0,1,1.0,0,TypeScript,2021-2023,1.0,3.0,0.0,0.5,0
16,4,0,0,146,6,9,0,8,5.25,0,TypeScript,2021-2023,1.0,20.86,0.0,0.52,0
16,4,0,0,11,16,3,0,1,4.0,0,TypeScript,2021-2023,1.0,0.65,0.0,1.0,0
16,4,0,0,102,17,7,0,5,1.2,0,TypeScript,2021-2023,1.0,5.67,0.0,0.15,0
16,4,0,0,1,1,1,0,0,0.0,0,TypeScript,2021-2023,1.0,0.5,0.0,0.0,0
19,4,0,0,321,35,11,0,5,43.0,0,TypeScript,2021-2023,1.0,8.92,0.0,3.58,0
19,4,0,0,99,7,3,0,1,1.0,0,TypeScript,2021-2023,1.0,12.38,0.0,0.25,0
19,4,0,0,153,13,3,0,2,10.0,0,TypeScript,2021-2023,1.0,10.93,0.0,2.5,0
19,4,0,0,120,11,3,0,3,17.67,1,TypeScript,2021-2023,0.069,10.0,0.0,4.42,0
19,4,0,0,472,221,4,0,1,1.0,0,TypeScript,2021-2023,1.0,2.13,0.0,0.2,0
20,4,0,0,74,1,3,0,6,1.83,0,TypeScript,2021-2023,1.0,37.0,0.0,0.46,0
20,4,0,0,35,2,4,0,0,0.0,0,TypeScript,2021-2023,1.0,11.67,0.0,0.0,0
20,4,0,0,13,13,1,0,5,2.8,0,TypeScript,2021-2023,1.0,0.93,0.0,1.4,0
20,4,0,0,186,0,3,0,6,1.83,0,TypeScript,2021-2023,1.0,186.0,0.0,0.46,0
20,4,0,0,23,4,2,0,5,2.2,0,TypeScript,2021-2023,1.0,4.6,0.0,0.73,0
21,4,0,0,100,0,5,0,5,45.0,0,TypeScript,2021-2023,1.0,100.0,0.0,7.5,0
21,4,0,0,21,9,2,0,2,2.0,0,TypeScript,2021-2023,1.0,2.1,0.0,0.67,0
21,4,0,0,17,8,1,0,2,6.0,0,TypeScript,2021-2023,1.0,1.89,0.0,3.0,0
21,4,0,0,57,30,4,0,9,2.78,0,TypeScript,2021-2023,1.0,1.84,0.0,0.56,0
8,5,1,0,19,3,2,0,5,2.2,0,TypeScript,2021-2023,1.0,4.75,0.0,0.73,0
8,5,1,0,0,1,1,0,1,3.0,0,TypeScript,2021-2023,1.0,0.0,0.0,1.5,0
9,5,1,0,18,3,1,0,6,2.5,0,TypeScript,2021-2023,1.0,4.5,0.0,1.25,0
12,5,1,0,13,14,7,0,5,12.4,0,TypeScript,2021-2023,1.0,0.87,0.0,1.55,1
14,5,1,0,24,2,1,0,6,2.33,0,TypeScript,2021-2023,1.0,8.0,0.0,1.16,0
15,5,1,0,11,11,1,0,6,2.33,0,TypeScript,2021-2023,1.0,0.92,0.0,1.16,0
16,5,1,0,0,2,1,0,1,12.0,0,TypeScript,2021-2023,1.0,0.0,0.0,6.0,0
16,5,1,0,4,0,1,0,1,7.0,0,TypeScript,2021-2023,1.0,4.0,0.0,3.5,0
18,5,1,0,7,6,2,0,3,8.0,0,TypeScript,2021-2023,1.0,1.0,0.0,2.67,0
23,5,1,1,2,2,2,0,0,0.0,0,TypeScript,2021-2023,1.0,0.67,0.0,0.0,1
23,5,1,1,1,1,1,0,0,0.0,0,TypeScript,2021-2023,1.0,0.5,0.0,0.0,1
23,5,1,1,1,1,1,0,0,0.0,0,TypeScript,2021-2023,1.0,0.5,0.0,0.0,1
9,4,0,0,5,0,1,0,1,7.0,0,TypeScript,2024-2026,1.0,5.0,0.0,3.5,0
11,5,1,0,24,29,3,0,4,9.0,0,TypeScript,2024-2026,1.0,0.8,0.0,2.25,2
11,5,1,0,312,28,13,1,29,8.9,0,TypeScript,2024-2026,1.0,10.76,0.07,0.64,2
12,5,1,0,139,32,4,0,5,2.6,0,TypeScript,2024-2026,1.0,4.21,0.0,0.52,2
12,5,1,0,55,58,1,0,1,33.0,0,TypeScript,2024-2026,1.0,0.93,0.0,16.5,2
13,5,1,0,234,121,4,0,4,17.25,0,TypeScript,2024-2026,1.0,1.92,0.0,3.45,2
13,5,1,0,1,1,1,0,0,0.0,0,TypeScript,2024-2026,1.0,0.5,0.0,0.0,2
13,5,1,0,11,1,1,0,0,0.0,0,TypeScript,2024-2026,1.0,5.5,0.0,0.0,2
14,5,1,0,13,15,3,1,0,0.0,0,TypeScript,2024-2026,1.0,0.81,0.25,0.0,2
14,5,1,0,6,2,1,0,0,0.0,0,TypeScript,2024-2026,1.0,2.0,0.0,0.0,2
15,5,1,0,81,105,13,0,27,10.81,0,TypeScript,2024-2026,1.0,0.76,0.0,0.77,2
15,5,1,0,9,1,2,0,0,0.0,0,TypeScript,2024-2026,1.0,4.5,0.0,0.0,2
15,5,1,0,12,2,1,0,0,0.0,0,TypeScript,2024-2026,1.0,4.0,0.0,0.0,2
16,5,1,0,14,6,1,0,1,22.0,0,TypeScript,2024-2026,1.0,2.0,0.0,11.0,2
16,5,1,0,874,604,73,16,123,11.84,0,TypeScript,2024-2026,1.0,1.44,0.22,0.16,2
16,5,1,0,4,0,1,0,0,0.0,0,TypeScript,2024-2026,1.0,4.0,0.0,0.0,2
16,5,1,0,10,0,1,0,0,0.0,0,TypeScript,2024-2026,1.0,10.0,0.0,0.0,2
16,5,1,0,6,1,2,0,0,0.0,0,TypeScript,2024-2026,1.0,3.0,0.0,0.0,2
16,5,1,0,1,1,1,0,0,0.0,0,TypeScript,2024-2026,1.0,0.5,0.0,0.0,2
17,5,1,0,9,3,1,0,0,0.0,0,TypeScript,2024-2026,1.0,2.25,0.0,0.0,2
17,5,1,0,3,1,1,0,0,0.0,0,TypeScript,2024-2026,1.0,1.5,0.0,0.0,2
18,5,1,0,12,0,1,0,0,0.0,0,TypeScript,2024-2026,1.0,12.0,0.0,0.0,2
19,5,1,0,19,6,2,0,0,0.0,0,TypeScript,2024-2026,1.0,2.71,0.0,0.0,2
20,5,1,0,39,2,2,0,2,21.0,0,TypeScript,2024-2026,1.0,13.0,0.0,7.0,2
20,5,1,0,18,12,3,0,1,34.0,0,TypeScript,2024-2026,1.0,1.38,0.0,8.5,2
21,5,1,0,7,0,1,0,0,0.0,0,TypeScript,2024-2026,1.0,7.0,0.0,0.0,2
21,5,1,0,13,6,1,0,0,0.0,0,TypeScript,2024-2026,1.0,1.86,0.0,0.0,2
21,5,1,0,228,236,20,0,116,6.54,0,TypeScript,2024-2026,1.0,0.96,0.0,0.31,0
17,6,1,0,2,1,1,0,1,11.0,0,TypeScript,2024-2026,1.0,1.0,0.0,5.5,0
18,6,1,0,3,3,1,0,1,20.0,0,TypeScript,2024-2026,1.0,0.75,0.0,10.0,0
18,6,1,0,17,4,1,0,1,84.0,0,TypeScript,2024-2026,1.0,3.4,0.0,42.0,0
18,6,1,0,76,24,2,0,4,14.25,0,TypeScript,2024-2026,1.0,3.04,0.0,4.75,0
16,2,0,0,898,62,17,0,24,4.0,0,TypeScript,2024-2026,1.0,14.25,0.0,0.22,2
17,2,0,0,9,9,1,0,0,0.0,0,TypeScript,2024-2026,1.0,0.9,0.0,0.0,2
17,2,0,0,6,6,1,0,0,0.0,0,TypeScript,2024-2026,1.0,0.86,0.0,0.0,2
18,2,0,0,8,6,3,0,3,36.67,0,TypeScript,2024-2026,1.0,1.14,0.0,9.17,2
19,2,0,0,21,1,1,0,1,70.0,0,TypeScript,2024-2026,1.0,10.5,0.0,35.0,1
20,2,0,0,20,31,1,0,1,84.0,0,TypeScript,2024-2026,1.0,0.62,0.0,42.0,0
21,2,0,0,18,1,1,0,1,6.0,0,TypeScript,2024-2026,1.0,9.0,0.0,3.0,0
0,3,0,1,50,29,10,0,3,21.33,0,TypeScript,2024-2026,1.0,1.67,0.0,1.94,0
1,3,0,1,8,8,4,1,0,0.0,0,TypeScript,2024-2026,1.0,0.89,0.2,0.0,0
19,5,1,0,198,153,7,0,24,9.5,0,TypeScript,2024-2026,1.0,1.29,0.0,1.19,0
18,3,0,0,6,6,1,0,0,0.0,0,TypeScript,2024-2026,1.0,0.86,0.0,0.0,2
19,3,0,0,11,45,1,0,0,0.0,0,TypeScript,2024-2026,1.0,0.24,0.0,0.0,2
19,3,0,0,5,2,1,0,0,0.0,0,TypeScript,2024-2026,1.0,1.67,0.0,0.0,2
20,3,0,0,2,1,1,0,0,0.0,0,TypeScript,2024-2026,1.0,1.0,0.0,0.0,2
20,3,0,0,4,48,1,0,0,0.0,0,TypeScript,2024-2026,1.0,0.08,0.0,0.0,2
21,3,0,0,4,4,1,0,0,0.0,0,TypeScript,2024-2026,1.0,0.8,0.0,0.0,2
21,3,0,0,1,1,1,0,1,20.0,0,TypeScript,2024-2026,1.0,0.5,0.0,10.0,2
21,3,0,0,5,1,2,0,0,0.0,0,TypeScript,2024-2026,1.0,2.5,0.0,0.0,2
22,3,0,1,3,87,1,0,0,0.0,0,TypeScript,2024-2026,1.0,0.03,0.0,0.0,2
22,3,0,1,234,8,12,0,6,8.33,0,TypeScript,2024-2026,1.0,26.0,0.0,0.64,2
22,3,0,1,0,2,1,0,1,7.0,0,TypeScript,2024-2026,1.0,0.0,0.0,3.5,2
23,3,0,1,0,4,1,0,0,0.0,0,TypeScript,2024-2026,1.0,0.0,0.0,0.0,2
23,3,0,1,164,14,10,0,0,0.0,0,TypeScript,2024-2026,1.0,10.93,0.0,0.0,2
23,3,0,1,1,1,2,0,0,0.0,0,TypeScript,2024-2026,1.0,0.5,0.0,0.0,2
23,3,0,1,252,6,4,0,0,0.0,0,TypeScript,2024-2026,1.0,36.0,0.0,0.0,2
0,4,0,1,4,0,1,0,0,0.0,0,TypeScript,2024-2026,1.0,4.0,0.0,0.0,2
0,4,0,1,3,0,1,0,0,0.0,0,TypeScript,2024-2026,1.0,3.0,0.0,0.0,2
1,4,0,1,45,40,9,0,4,9.75,0,TypeScript,2024-2026,1.0,1.1,0.0,0.98,0
1,4,0,1,1,1,1,0,0,0.0,0,TypeScript,2024-2026,1.0,0.5,0.0,0.0,2
1,4,0,1,1,0,1,0,1,12.0,0,TypeScript,2024-2026,1.0,1.0,0.0,6.0,0
1,4,0,1,641,2,6,0,7,4.71,0,TypeScript,2024-2026,1.0,213.67,0.0,0.67,2
1,4,0,1,2,0,1,0,0,0.0,0,TypeScript,2024-2026,1.0,2.0,0.0,0.0,2
2,4,0,1,75,7241,9,0,1,20.0,0,TypeScript,2024-2026,1.0,0.01,0.0,2.0,0
2,4,0,1,12,0,1,0,0,0.0,0,TypeScript,2024-2026,1.0,12.0,0.0,0.0,2
2,4,0,1,6,12,2,0,0,0.0,0,TypeScript,2024-2026,1.0,0.46,0.0,0.0,2
2,4,0,1,2,2,1,0,2,1.5,0,TypeScript,2024-2026,1.0,0.67,0.0,0.75,2
2,4,0,1,1,0,1,0,1,12.0,0,TypeScript,2024-2026,1.0,1.0,0.0,6.0,2
2,4,0,1,2,0,1,0,1,4.0,0,TypeScript,2024-2026,1.0,2.0,0.0,2.0,2
2,4,0,1,94,30,1,0,0,0.0,0,TypeScript,2024-2026,1.0,3.03,0.0,0.0,2
2,4,0,1,0,4,1,0,0,0.0,0,TypeScript,2024-2026,1.0,0.0,0.0,0.0,2
2,4,0,1,7,6,1,0,0,0.0,0,TypeScript,2024-2026,1.0,1.0,0.0,0.0,2
3,4,0,1,7,1,2,0,0,0.0,0,TypeScript,2024-2026,1.0,3.5,0.0,0.0,2
3,4,0,1,45,21,6,0,1,11.0,0,TypeScript,2024-2026,1.0,2.05,0.0,1.57,0
4,4,0,1,57,11,2,0,0,0.0,0,TypeScript,2024-2026,1.0,4.75,0.0,0.0,2
4,4,0,1,9,3,2,0,0,0.0,0,TypeScript,2024-2026,1.0,2.25,0.0,0.0,2
6,4,0,0,27,81,2,0,0,0.0,0,TypeScript,2024-2026,1.0,0.33,0.0,0.0,2
7,4,0,0,7,2,1,0,0,0.0,0,TypeScript,2024-2026,1.0,2.33,0.0,0.0,2
15,4,0,0,18,6,2,0,1,36.0,0,TypeScript,2024-2026,1.0,2.57,0.0,12.0,2
15,4,0,0,2,2,1,0,0,0.0,0,TypeScript,2024-2026,1.0,0.67,0.0,0.0,2
18,4,0,0,12,3,3,0,0,0.0,0,TypeScript,2024-2026,1.0,3.0,0.0,0.0,2
19,4,0,0,5,5,1,1,0,0.0,0,TypeScript,2024-2026,1.0,0.83,0.5,0.0,2
19,4,0,0,3,2,1,1,0,0.0,0,TypeScript,2024-2026,1.0,1.0,0.5,0.0,2
19,4,0,0,34,67,2,0,2,16.5,0,TypeScript,2024-2026,1.0,0.5,0.0,5.5,2
2,5,1,1,1248,7,8,0,0,0.0,0,TypeScript,2024-2026,1.0,156.0,0.0,0.0,2
16,6,1,0,9,7,2,0,0,0.0,0,TypeScript,2024-2026,1.0,1.12,0.0,0.0,0
17,6,1,0,2,4,2,0,0,0.0,0,TypeScript,2024-2026,1.0,0.4,0.0,0.0,0
10,3,0,0,152,0,1,0,0,0.0,0,TypeScript,2024-2026,1.0,152.0,0.0,0.0,0
10,4,0,0,1079,190,20,5,35,4.97,0,TypeScript,2024-2026,1.0,5.65,0.24,0.24,0
12,4,0,0,2,1,1,0,1,2.0,0,TypeScript,2024-2026,1.0,1.0,0.0,1.0,0
14,4,0,0,844,20,12,2,18,2.56,0,TypeScript,2024-2026,1.0,40.19,0.15,0.2,0
16,4,0,0,1,1,1,0,0,0.0,0,TypeScript,2024-2026,1.0,0.5,0.0,0.0,0
23,4,0,1,15,1,1,0,1,4.0,0,TypeScript,2024-2026,1.0,7.5,0.0,2.0,0
23,4,0,1,223,229,2,0,17,3.24,0,TypeScript,2024-2026,1.0,0.97,0.0,1.08,0
23,4,0,1,19,98,2,0,5,5.6,0,TypeScript,2024-2026,1.0,0.19,0.0,1.87,0
23,4,0,1,6,3,1,0,2,5.5,0,TypeScript,2024-2026,1.0,1.5,0.0,2.75,0
0,5,1,1,14,9,1,0,3,1.0,0,TypeScript,2024-2026,1.0,1.4,0.0,0.5,0
22,5,1,1,2,0,1,1,0,0.0,0,TypeScript,2024-2026,1.0,2.0,0.5,0.0,0
23,5,1,1,12,11,2,0,1,1.0,0,TypeScript,2024-2026,1.0,1.0,0.0,0.33,0
9,6,1,0,4,7,2,0,0,0.0,0,TypeScript,2024-2026,1.0,0.5,0.0,0.0,0
10,6,1,0,14,87,7,1,3,7.0,0,TypeScript,2024-2026,1.0,0.16,0.12,0.88,0
11,6,1,0,0,14,1,0,1,1.0,0,TypeScript,2024-2026,1.0,0.0,0.0,0.5,0
13,6,1,0,0,28,1,0,1,2.0,0,TypeScript,2024-2026,1.0,0.0,0.0,1.0,0
13,6,1,0,19,324,13,1,3,2.0,0,TypeScript,2024-2026,1.0,0.06,0.07,0.14,0
14,6,1,0,14,8,2,0,1,1.0,0,TypeScript,2024-2026,1.0,1.56,0.0,0.33,0
14,6,1,0,114,0,1,0,0,0.0,0,TypeScript,2024-2026,1.0,114.0,0.0,0.0,0
14,6,1,0,1,33,2,1,3,2.0,0,TypeScript,2024-2026,1.0,0.03,0.33,0.67,0
18,6,1,0,0,1,1,1,0,0.0,0,TypeScript,2024-2026,1.0,0.0,0.5,0.0,0
19,6,1,0,609,244,8,2,3,1.0,0,TypeScript,2024-2026,1.0,2.49,0.22,0.11,0
19,6,1,0,135,165,41,4,8,3.62,0,TypeScript,2024-2026,1.0,0.81,0.1,0.09,0
20,6,1,0,1,0,1,1,0,0.0,0,TypeScript,2024-2026,1.0,1.0,0.5,0.0,0
23,6,1,1,1,270,3,0,0,0.0,0,TypeScript,2024-2026,1.0,0.0,0.0,0.0,0
23,6,1,1,1,0,1,0,0,0.0,0,TypeScript,2024-2026,1.0,1.0,0.0,0.0,0
0,0,0,1,1156,388,23,11,238,4.39,0,TypeScript,2024-2026,1.0,2.97,0.46,0.18,0
8,0,0,0,18,0,2,0,0,0.0,0,TypeScript,2024-2026,1.0,18.0,0.0,0.0,0
8,0,0,0,51,5,5,0,0,0.0,0,TypeScript,2024-2026,1.0,8.5,0.0,0.0,0
10,0,0,0,10,123,16,1,10,1.9,0,TypeScript,2024-2026,1.0,0.08,0.06,0.11,0
10,0,0,0,77,426,9,3,5,1.2,0,TypeScript,2024-2026,1.0,0.18,0.3,0.12,0
10,0,0,0,32,20,3,0,1,4.0,0,TypeScript,2024-2026,1.0,1.52,0.0,1.0,0
11,0,0,0,2,2,2,0,0,0.0,0,TypeScript,2024-2026,1.0,0.67,0.0,0.0,0
11,0,0,0,12,5,3,0,3,8.0,0,TypeScript,2024-2026,1.0,2.0,0.0,2.0,0
12,0,0,0,124,233,43,25,38,3.37,0,TypeScript,2024-2026,1.0,0.53,0.57,0.08,0
13,0,0,0,0,24,1,1,1,1.0,0,TypeScript,2024-2026,1.0,0.0,0.5,0.5,0
14,0,0,0,1,0,1,1,0,0.0,0,TypeScript,2024-2026,1.0,1.0,0.5,0.0,0
14,0,0,0,12,3,1,0,1,14.0,0,TypeScript,2024-2026,1.0,3.0,0.0,7.0,0
15,0,0,0,30,30,5,1,1,1.0,0,TypeScript,2024-2026,1.0,0.97,0.17,0.17,0
15,0,0,0,473,339,15,2,13,4.23,0,TypeScript,2024-2026,1.0,1.39,0.12,0.26,0
17,0,0,0,10,0,2,1,0,0.0,0,TypeScript,2024-2026,1.0,10.0,0.33,0.0,0
19,0,0,0,421,293,10,3,5,3.0,0,TypeScript,2024-2026,1.0,1.43,0.27,0.27,0
23,0,0,1,6,6,5,1,0,0.0,0,TypeScript,2024-2026,1.0,0.86,0.17,0.0,0
23,0,0,1,12,12,3,0,0,0.0,0,TypeScript,2024-2026,1.0,0.92,0.0,0.0,0
13,1,0,0,18,4,3,0,3,10.67,0,TypeScript,2024-2026,1.0,3.6,0.0,2.67,0
17,1,0,0,371,4,13,5,18,1.06,0,TypeScript,2024-2026,1.0,74.2,0.36,0.08,0
21,1,0,0,35,35,5,1,3,1.0,0,TypeScript,2024-2026,1.0,0.97,0.17,0.17,0
22,1,0,1,76,61,10,0,20,8.35,0,TypeScript,2024-2026,1.0,1.23,0.0,0.76,0
22,1,0,1,27,107,5,0,3,1.33,0,TypeScript,2024-2026,1.0,0.25,0.0,0.22,0
23,1,0,1,32,60,5,0,3,5.33,0,TypeScript,2024-2026,1.0,0.52,0.0,0.89,0
0,2,0,1,91,135,6,0,0,0.0,0,TypeScript,2024-2026,1.0,0.67,0.0,0.0,0
0,2,0,1,43,43,5,1,5,1.0,0,TypeScript,2024-2026,1.0,0.98,0.17,0.17,0
6,2,0,0,0,72,2,1,1,1.0,0,TypeScript,2024-2026,1.0,0.0,0.33,0.33,0
6,2,0,0,36,38,4,1,3,1.0,0,TypeScript,2024-2026,1.0,0.92,0.2,0.2,0
8,2,0,0,878,195,7,2,7,3.29,0,TypeScript,2024-2026,1.0,4.48,0.25,0.41,0
9,2,0,0,17,11,2,0,0,0.0,0,TypeScript,2024-2026,1.0,1.42,0.0,0.0,0
9,2,0,0,18,3,3,1,3,11.0,0,TypeScript,2024-2026,1.0,4.5,0.25,2.75,0
9,2,0,0,0,66,4,1,1,1.0,0,TypeScript,2024-2026,1.0,0.0,0.2,0.2,0
11,2,0,0,1,1,1,0,0,0.0,0,TypeScript,2024-2026,1.0,0.5,0.0,0.0,0
11,2,0,0,20,20,4,1,3,1.0,0,TypeScript,2024-2026,1.0,0.95,0.2,0.2,0
12,2,0,0,0,130,5,1,4,1.0,0,TypeScript,2024-2026,1.0,0.0,0.17,0.17,0
13,2,0,0,41,25,3,1,1,1.0,0,TypeScript,2024-2026,1.0,1.58,0.25,0.25,0
13,2,0,0,0,108,3,1,1,1.0,0,TypeScript,2024-2026,1.0,0.0,0.25,0.25,0
14,2,0,0,32,27,1,0,0,0.0,0,TypeScript,2024-2026,1.0,1.14,0.0,0.0,0
15,2,0,0,42,25,1,0,2,88.0,0,TypeScript,2024-2026,1.0,1.62,0.0,44.0,0
16,2,0,0,59,58,4,0,9,5.78,0,TypeScript,2024-2026,1.0,1.0,0.0,1.16,0
19,2,0,0,21,3325,43,6,65,2.54,0,TypeScript,2024-2026,1.0,0.01,0.14,0.06,0
19,2,0,0,123,236,13,5,8,1.12,0,TypeScript,2024-2026,1.0,0.52,0.36,0.08,0
20,2,0,0,36,24,2,0,4,43.25,0,TypeScript,2024-2026,1.0,1.44,0.0,14.42,0
20,2,0,0,2,1,1,0,0,0.0,0,TypeScript,2024-2026,1.0,1.0,0.0,0.0,0
21,2,0,0,70,9,7,1,2,1.0,0,TypeScript,2024-2026,1.0,7.0,0.12,0.12,0
22,2,0,1,138,304,17,7,2,7.0,0,TypeScript,2024-2026,1.0,0.45,0.39,0.39,0
23,2,0,1,0,74,2,1,1,1.0,0,TypeScript,2024-2026,1.0,0.0,0.33,0.33,0
23,2,0,1,11,10,1,0,2,8.5,0,TypeScript,2024-2026,1.0,1.0,0.0,4.25,0
0,3,0,1,118,88,2,0,0,0.0,0,TypeScript,2024-2026,1.0,1.33,0.0,0.0,0
0,3,0,1,0,1,1,0,0,0.0,0,TypeScript,2024-2026,1.0,0.0,0.0,0.0,0
1,3,0,1,0,1,1,0,0,0.0,0,TypeScript,2024-2026,1.0,0.0,0.0,0.0,0
8,3,0,0,55,63,3,2,2,1.0,0,TypeScript,2024-2026,1.0,0.86,0.5,0.25,0
8,3,0,0,0,89,2,0,0,0.0,0,TypeScript,2024-2026,1.0,0.0,0.0,0.0,0
9,3,0,0,992,13,15,5,29,4.21,0,TypeScript,2024-2026,1.0,70.86,0.31,0.26,0
11,3,0,0,1328,51,22,8,53,2.45,0,TypeScript,2024-2026,1.0,25.54,0.35,0.11,0
16,3,0,0,100,9,4,1,5,1.4,0,TypeScript,2024-2026,1.0,10.0,0.2,0.28,0
19,3,0,0,4,1,1,0,0,0.0,0,TypeScript,2024-2026,1.0,2.0,0.0,0.0,0
20,3,0,0,4,5,2,0,0,0.0,0,TypeScript,2024-2026,1.0,0.67,0.0,0.0,0
0,4,0,1,17,19,6,4,0,0.0,0,TypeScript,2024-2026,1.0,0.85,0.57,0.0,0
7,4,0,0,64,11,3,0,0,0.0,0,TypeScript,2024-2026,1.0,5.33,0.0,0.0,0
9,4,0,0,254,61,17,5,28,1.57,0,TypeScript,2024-2026,1.0,4.1,0.28,0.09,0
15,4,0,0,1,0,1,0,0,0.0,0,TypeScript,2024-2026,1.0,1.0,0.0,0.0,0
15,4,0,0,1854,4,12,5,26,2.35,0,TypeScript,2024-2026,1.0,370.8,0.38,0.18,0
16,4,0,0,206,16,4,2,8,2.5,0,TypeScript,2024-2026,1.0,12.12,0.4,0.5,0
17,4,0,0,221,54,26,3,22,10.0,0,TypeScript,2024-2026,1.0,4.02,0.11,0.37,0
17,4,0,0,972,1,7,3,6,1.0,0,TypeScript,2024-2026,1.0,486.0,0.38,0.12,0
17,4,0,0,6,5,3,2,0,0.0,0,TypeScript,2024-2026,1.0,1.0,0.5,0.0,0
19,4,0,0,25,3,1,1,0,0.0,0,TypeScript,2024-2026,1.0,6.25,0.5,0.0,0
20,4,0,0,0,2,1,0,0,0.0,0,TypeScript,2024-2026,1.0,0.0,0.0,0.0,0
20,4,0,0,27,6,3,0,0,0.0,0,TypeScript,2024-2026,1.0,3.86,0.0,0.0,0
0,5,1,1,8,9,1,1,0,0.0,0,TypeScript,2024-2026,1.0,0.8,0.5,0.0,0
6,5,1,0,39,4,2,0,4,5.0,0,TypeScript,2024-2026,1.0,7.8,0.0,1.67,0
9,5,1,0,284,20,3,2,6,3.5,0,TypeScript,2024-2026,1.0,13.52,0.5,0.88,0
10,5,1,0,161,76,9,1,19,14.84,0,TypeScript,2024-2026,1.0,2.09,0.1,1.48,0
22,5,1,1,6404,3948,9,0,371,1.04,0,TypeScript,2024-2026,1.0,1.62,0.0,0.1,0
22,5,1,1,225,3,1,0,0,0.0,0,TypeScript,2024-2026,1.0,56.25,0.0,0.0,0
23,5,1,1,16,0,1,0,2,4.0,0,TypeScript,2024-2026,1.0,16.0,0.0,2.0,0
23,5,1,1,2,38,1,0,4,1.0,0,TypeScript,2024-2026,1.0,0.05,0.0,0.5,0
23,5,1,1,26,321,1,0,17,2.18,0,TypeScript,2024-2026,1.0,0.08,0.0,1.09,0
23,5,1,1,5,3,1,0,1,14.0,0,TypeScript,2024-2026,1.0,1.25,0.0,7.0,0
23,5,1,1,84,10,2,0,4,3.0,0,TypeScript,2024-2026,1.0,7.64,0.0,1.0,0
23,5,1,1,43,57,4,0,9,5.11,0,TypeScript,2024-2026,1.0,0.74,0.0,1.02,0
23,5,1,1,13,2,2,0,2,34.5,0,TypeScript,2024-2026,1.0,4.33,0.0,11.5,0
23,5,1,1,63,265,1,0,11,4.82,0,TypeScript,2024-2026,1.0,0.24,0.0,2.41,0
23,5,1,1,1,0,2,0,0,0.0,0,TypeScript,2024-2026,1.0,1.0,0.0,0.0,0
23,5,1,1,2,2,1,0,1,5.0,0,TypeScript,2024-2026,1.0,0.67,0.0,2.5,0
23,5,1,1,13,13,1,0,1,11.0,0,TypeScript,2024-2026,1.0,0.93,0.0,5.5,0
23,5,1,1,2,2,2,0,2,2.5,0,TypeScript,2024-2026,1.0,0.67,0.0,0.83,0
23,5,1,1,4,3,1,0,3,7.0,0,TypeScript,2024-2026,1.0,1.0,0.0,3.5,0
23,5,1,1,4,2,1,0,1,35.0,0,TypeScript,2024-2026,1.0,1.33,0.0,17.5,0
23,5,1,1,0,0,1,0,0,0.0,0,TypeScript,2024-2026,1.0,0.0,0.0,0.0,0
23,5,1,1,2,2,1,0,1,11.0,0,TypeScript,2024-2026,1.0,0.67,0.0,5.5,0
23,5,1,1,0,12,1,0,2,1.0,0,TypeScript,2024-2026,1.0,0.0,0.0,0.5,0
23,5,1,1,142,119,2,0,8,12.38,0,TypeScript,2024-2026,1.0,1.18,0.0,4.13,0
23,5,1,1,41,10,1,0,1,11.0,0,TypeScript,2024-2026,1.0,3.73,0.0,5.5,0
23,5,1,1,161,94,5,0,7,9.43,0,TypeScript,2024-2026,1.0,1.69,0.0,1.57,0
23,5,1,1,2,3,1,0,1,10.0,0,TypeScript,2024-2026,1.0,0.5,0.0,5.0,0
23,5,1,1,28,9,2,0,8,2.88,0,TypeScript,2024-2026,1.0,2.8,0.0,0.96,0
11,6,1,0,1,0,1,0,0,0.0,0,TypeScript,2024-2026,1.0,1.0,0.0,0.0,0
13,6,1,0,679,47,17,5,10,8.0,0,TypeScript,2024-2026,1.0,14.15,0.28,0.44,0
14,6,1,0,13,0,1,0,2,11.0,0,TypeScript,2024-2026,1.0,13.0,0.0,5.5,0
16,6,1,0,45,20,8,0,9,5.11,0,TypeScript,2024-2026,1.0,2.14,0.0,0.57,0
19,6,1,0,323,363,15,0,36,6.47,0,TypeScript,2024-2026,1.0,0.89,0.0,0.4,0
19,6,1,0,5,2,1,0,1,35.0,0,TypeScript,2024-2026,1.0,1.67,0.0,17.5,0
19,6,1,0,17,3,1,0,1,2.0,0,TypeScript,2024-2026,1.0,4.25,0.0,1.0,0
21,6,1,0,2,0,1,0,1,20.0,0,TypeScript,2024-2026,1.0,2.0,0.0,10.0,0
22,6,1,1,12,7,1,0,2,6.5,0,TypeScript,2024-2026,1.0,1.5,0.0,3.25,0
22,6,1,1,3,3,1,0,1,3.0,0,TypeScript,2024-2026,1.0,0.75,0.0,1.5,0
22,6,1,1,4,3,2,0,2,3.0,0,TypeScript,2024-2026,1.0,1.0,0.0,1.0,0
8,0,0,0,146,9,9,1,5,6.0,0,TypeScript,2024-2026,1.0,14.6,0.1,0.6,0
9,0,0,0,5,3,1,0,0,0.0,0,TypeScript,2024-2026,1.0,1.25,0.0,0.0,0
14,0,0,0,940,14,15,4,40,3.35,0,TypeScript,2024-2026,1.0,62.67,0.25,0.21,0
19,0,0,0,7622,6176,281,2,321,7.67,0,TypeScript,2024-2026,1.0,1.23,0.01,0.03,0
20,0,0,0,4,4,4,0,0,0.0,0,TypeScript,2024-2026,1.0,0.8,0.0,0.0,0
22,0,0,1,68,51,1,0,0,0.0,0,TypeScript,2024-2026,1.0,1.31,0.0,0.0,0
22,0,0,1,8,208,20,0,27,3.93,0,TypeScript,2024-2026,1.0,0.04,0.0,0.19,0
23,0,0,1,5,4,1,0,0,0.0,0,TypeScript,2024-2026,1.0,1.0,0.0,0.0,0
0,1,0,1,108,5,4,1,4,2.25,0,TypeScript,2024-2026,1.0,18.0,0.2,0.45,0
9,1,0,0,695,117,20,3,29,2.07,0,TypeScript,2024-2026,1.0,5.89,0.14,0.1,0
9,1,0,0,1,1,1,0,0,0.0,0,TypeScript,2024-2026,1.0,0.5,0.0,0.0,0
10,1,0,0,43,161,5,2,3,1.0,0,TypeScript,2024-2026,1.0,0.27,0.33,0.17,0
11,1,0,0,311,183,21,2,19,19.26,0,TypeScript,2024-2026,1.0,1.69,0.09,0.88,0
12,1,0,0,55,1,2,0,1,1.0,0,TypeScript,2024-2026,1.0,27.5,0.0,0.33,0
13,1,0,0,28,11,1,0,2,3.0,0,TypeScript,2024-2026,1.0,2.33,0.0,1.5,0
13,1,0,0,1,1,1,0,0,0.0,0,TypeScript,2024-2026,1.0,0.5,0.0,0.0,0
16,1,0,0,1,0,1,0,0,0.0,0,TypeScript,2024-2026,1.0,1.0,0.0,0.0,0
16,1,0,0,339,93,9,2,19,2.26,0,TypeScript,2024-2026,1.0,3.61,0.2,0.23,0
16,1,0,0,380,3,4,1,9,2.78,0,TypeScript,2024-2026,1.0,95.0,0.2,0.56,0
21,1,0,0,468,2422,10,1,22,1.0,0,TypeScript,2024-2026,1.0,0.19,0.09,0.09,0
22,1,0,1,424,163,2,0,0,0.0,0,TypeScript,2024-2026,1.0,2.59,0.0,0.0,0
0,2,0,1,207,114,4,0,5,9.8,0,TypeScript,2024-2026,1.0,1.8,0.0,1.96,0
9,2,0,0,71,1,5,1,2,1.0,0,TypeScript,2024-2026,1.0,35.5,0.17,0.17,0
10,2,0,0,85,1,4,2,9,2.44,0,TypeScript,2024-2026,1.0,42.5,0.4,0.49,0
14,2,0,0,63,2,4,1,4,3.75,0,TypeScript,2024-2026,1.0,21.0,0.2,0.75,0
23,2,0,1,242,378,26,15,30,1.87,0,TypeScript,2024-2026,1.0,0.64,0.56,0.07,0
1,3,0,1,103,48,7,1,5,2.8,0,TypeScript,2024-2026,1.0,2.1,0.12,0.35,0
4,3,0,1,60,44,2,0,0,0.0,0,TypeScript,2024-2026,1.0,1.33,0.0,0.0,0
9,3,0,0,40,18,12,8,1,1.0,0,TypeScript,2024-2026,1.0,2.11,0.62,0.08,0
9,3,0,0,922,157,20,7,35,3.4,0,TypeScript,2024-2026,1.0,5.84,0.33,0.16,0
11,3,0,0,1,1,1,0,0,0.0,0,TypeScript,2024-2026,1.0,0.5,0.0,0.0,0
11,3,0,0,8,0,1,0,0,0.0,0,TypeScript,2024-2026,1.0,8.0,0.0,0.0,0
13,3,0,0,56,35,9,3,6,2.67,0,TypeScript,2024-2026,1.0,1.56,0.3,0.27,0
14,3,0,0,1490,293,20,8,43,3.07,0,TypeScript,2024-2026,1.0,5.07,0.38,0.15,0
16,3,0,0,106,178,18,4,11,1.0,0,TypeScript,2024-2026,1.0,0.59,0.21,0.05,0
23,3,0,1,2,2,1,0,0,0.0,0,TypeScript,2024-2026,1.0,0.67,0.0,0.0,0
23,3,0,1,2,1,1,0,1,20.0,0,TypeScript,2024-2026,1.0,1.0,0.0,10.0,0
1,4,0,1,1015,8,13,1,12,3.58,0,TypeScript,2024-2026,1.0,112.78,0.07,0.26,0
15,4,0,0,524,16,10,5,12,3.83,0,TypeScript,2024-2026,1.0,30.82,0.45,0.35,0
18,4,0,0,645,64,6,0,16,7.81,0,TypeScript,2024-2026,1.0,9.92,0.0,1.12,0
22,5,1,1,12,0,1,0,0,0.0,0,TypeScript,2024-2026,1.0,12.0,0.0,0.0,0
23,6,1,1,81,4,4,0,6,6.0,0,TypeScript,2024-2026,1.0,16.2,0.0,1.2,0
23,6,1,1,60,130,4,0,8,8.0,0,TypeScript,2024-2026,1.0,0.46,0.0,1.6,0
23,6,1,1,89,2,3,0,3,8.67,0,TypeScript,2024-2026,1.0,29.67,0.0,2.17,0
23,6,1,1,47,7,1,0,1,8.0,0,TypeScript,2024-2026,1.0,5.88,0.0,4.0,0
23,6,1,1,62,0,1,0,2,6.5,0,TypeScript,2024-2026,1.0,62.0,0.0,3.25,0
23,6,1,1,17,6,1,0,1,8.0,0,TypeScript,2024-2026,1.0,2.43,0.0,4.0,0
1,0,0,1,12,5,2,0,3,28.33,0,TypeScript,2024-2026,1.0,2.0,0.0,9.44,0
9,0,0,0,901,148,15,3,32,3.09,0,TypeScript,2024-2026,1.0,6.05,0.19,0.19,0
10,0,0,0,366,349,19,1,73,3.01,0,TypeScript,2024-2026,1.0,1.05,0.05,0.15,0
10,0,0,0,127,4,2,1,4,7.25,0,TypeScript,2024-2026,1.0,25.4,0.33,2.42,0
10,0,0,0,868,864,56,1,241,5.8,0,TypeScript,2024-2026,1.0,1.0,0.02,0.1,0
11,0,0,0,95,200,17,1,26,2.88,0,TypeScript,2024-2026,1.0,0.47,0.06,0.16,0
13,0,0,0,63,97,13,3,21,7.95,0,TypeScript,2024-2026,1.0,0.64,0.21,0.57,0
18,0,0,0,4,4,4,0,0,0.0,0,TypeScript,2024-2026,1.0,0.8,0.0,0.0,0
18,0,0,0,44,2,4,0,0,0.0,0,TypeScript,2024-2026,1.0,14.67,0.0,0.0,0
21,0,0,0,22,6,3,0,6,6.33,0,TypeScript,2024-2026,1.0,3.14,0.0,1.58,0
8,1,0,0,12,7,2,0,5,5.0,0,TypeScript,2024-2026,1.0,1.5,0.0,1.67,0
11,1,0,0,16,8,1,0,6,2.83,0,TypeScript,2024-2026,1.0,1.78,0.0,1.42,0
11,1,0,0,428,442,66,22,28,1.0,0,TypeScript,2024-2026,1.0,0.97,0.33,0.01,0
12,1,0,0,2325,2284,27,14,14,1.0,0,TypeScript,2024-2026,1.0,1.02,0.5,0.04,0
12,1,0,0,273,21,9,4,6,2.67,0,TypeScript,2024-2026,1.0,12.41,0.4,0.27,0
13,1,0,0,11,9,1,0,4,3.75,0,TypeScript,2024-2026,1.0,1.1,0.0,1.88,0
13,1,0,0,1,1,1,0,1,17.0,0,TypeScript,2024-2026,1.0,0.5,0.0,8.5,0
14,1,0,0,14,3,2,0,5,4.2,0,TypeScript,2024-2026,1.0,3.5,0.0,1.4,0
14,1,0,0,799,642,23,0,8,6.88,0,TypeScript,2024-2026,1.0,1.24,0.0,0.29,0
14,1,0,0,128,669,6,0,1,1.0,0,TypeScript,2024-2026,1.0,0.19,0.0,0.14,0
16,1,0,0,991,1,4,0,0,0.0,0,TypeScript,2024-2026,1.0,495.5,0.0,0.0,0
16,1,0,0,9,5,6,0,6,4.5,0,TypeScript,2024-2026,1.0,1.5,0.0,0.64,0
17,1,0,0,744,65,15,4,18,2.56,0,TypeScript,2024-2026,1.0,11.27,0.25,0.16,0
17,1,0,0,59,0,2,0,2,15.5,0,TypeScript,2024-2026,1.0,59.0,0.0,5.17,0
18,1,0,0,554,147,6,2,10,6.6,1,TypeScript,2024-2026,0.4,3.74,0.29,0.94,0
22,1,0,1,29,6,2,0,2,15.5,0,TypeScript,2024-2026,1.0,4.14,0.0,5.17,0
22,1,0,1,6,5,1,0,1,15.0,0,TypeScript,2024-2026,1.0,1.0,0.0,7.5,0
22,1,0,1,1981,264,46,0,63,7.6,0,TypeScript,2024-2026,1.0,7.48,0.0,0.16,1
22,1,0,1,21,3,2,0,3,8.67,0,TypeScript,2024-2026,1.0,5.25,0.0,2.89,0
23,1,0,1,12,2,2,1,3,5.67,0,TypeScript,2024-2026,1.0,4.0,0.33,1.89,0
23,1,0,1,928,191,12,0,28,3.96,0,TypeScript,2024-2026,1.0,4.83,0.0,0.3,1
0,2,0,1,35,20,3,0,0,0.0,0,TypeScript,2024-2026,1.0,1.67,0.0,0.0,0
0,2,0,1,1153,609,14,0,46,3.17,0,TypeScript,2024-2026,1.0,1.89,0.0,0.21,1
0,2,0,1,82,40,3,0,8,3.5,0,TypeScript,2024-2026,1.0,2.0,0.0,0.88,1
1,2,0,1,734,62,9,0,37,5.19,0,TypeScript,2024-2026,1.0,11.65,0.0,0.52,1
1,2,0,1,84,78,1,0,2,8.5,0,TypeScript,2024-2026,1.0,1.06,0.0,4.25,1
14,2,0,0,45,48,5,0,5,9.2,0,TypeScript,2024-2026,1.0,0.92,0.0,1.53,0
15,2,0,0,2353,460,38,11,73,2.85,0,TypeScript,2024-2026,1.0,5.1,0.28,0.07,0
15,2,0,0,9,1,1,0,1,5.0,0,TypeScript,2024-2026,1.0,4.5,0.0,2.5,0
17,2,0,0,655,140,13,0,15,3.53,0,TypeScript,2024-2026,1.0,4.65,0.0,0.25,1
18,2,0,0,506,0,1,0,0,0.0,0,TypeScript,2024-2026,1.0,506.0,0.0,0.0,1
18,2,0,0,250,0,1,0,0,0.0,0,TypeScript,2024-2026,1.0,250.0,0.0,0.0,1
20,2,0,0,564,490,6,0,13,6.08,0,TypeScript,2024-2026,1.0,1.15,0.0,0.87,1
22,2,0,1,322,867,22,0,19,2.53,0,TypeScript,2024-2026,1.0,0.37,0.0,0.11,1
23,2,0,1,104,2,1,0,3,1.0,0,TypeScript,2024-2026,1.0,34.67,0.0,0.5,1
23,2,0,1,1,0,1,0,0,0.0,0,TypeScript,2024-2026,1.0,1.0,0.0,0.0,0
23,2,0,1,1,2,1,0,0,0.0,0,TypeScript,2024-2026,1.0,0.33,0.0,0.0,2
0,3,0,1,70,53,1,0,0,0.0,0,TypeScript,2024-2026,1.0,1.3,0.0,0.0,2
1,3,0,1,26,3,2,0,0,0.0,0,TypeScript,2024-2026,1.0,6.5,0.0,0.0,2
12,3,0,0,22,7,1,0,5,3.0,0,TypeScript,2024-2026,1.0,2.75,0.0,1.5,0
12,3,0,0,9374,477,72,0,201,5.32,0,TypeScript,2024-2026,1.0,19.61,0.0,0.07,2
17,3,0,0,124,212,18,0,5,1.2,0,TypeScript,2024-2026,1.0,0.58,0.0,0.06,1
19,3,0,0,825,620,50,2,31,3.19,0,TypeScript,2024-2026,1.0,1.33,0.04,0.06,1
19,3,0,0,39,34,8,0,4,7.75,0,TypeScript,2024-2026,1.0,1.11,0.0,0.86,1
21,3,0,0,182,264,31,1,33,4.42,0,TypeScript,2024-2026,1.0,0.69,0.03,0.14,1
21,3,0,0,0,3859,56,0,108,2.3,0,TypeScript,2024-2026,1.0,0.0,0.0,0.04,1
22,3,0,1,257,184,4,0,18,3.61,0,TypeScript,2024-2026,1.0,1.39,0.0,0.72,1
22,3,0,1,787,661,3,0,22,3.05,0,TypeScript,2024-2026,1.0,1.19,0.0,0.76,1
22,3,0,1,141,131,4,0,1,2.0,0,TypeScript,2024-2026,1.0,1.07,0.0,0.4,2
0,4,0,1,0,20,10,0,0,0.0,0,TypeScript,2024-2026,1.0,0.0,0.0,0.0,2
0,4,0,1,7613,174,155,15,175,2.7,0,TypeScript,2024-2026,1.0,43.5,0.1,0.02,0
15,4,0,0,11,3,2,0,3,7.33,0,TypeScript,2024-2026,1.0,2.75,0.0,2.44,0
16,4,0,0,19,9,2,0,2,13.5,0,TypeScript,2024-2026,1.0,1.9,0.0,4.5,0
17,4,0,0,100,197,9,4,0,0.0,0,TypeScript,2024-2026,1.0,0.51,0.4,0.0,0
0,5,1,1,1450,552,46,11,36,3.33,0,TypeScript,2024-2026,1.0,2.62,0.23,0.07,0
2,5,1,1,50,6,3,1,5,4.4,0,TypeScript,2024-2026,1.0,7.14,0.25,1.1,0
18,5,1,0,533,391,16,0,29,3.41,0,TypeScript,2024-2026,1.0,1.36,0.0,0.2,2
3,6,1,1,2737,218,43,0,74,5.24,0,TypeScript,2024-2026,1.0,12.5,0.0,0.12,1
7,0,0,0,62,3,1,1,1,1.0,0,TypeScript,2024-2026,1.0,15.5,0.5,0.5,0
11,0,0,0,1,1,1,0,0,0.0,0,TypeScript,2024-2026,1.0,0.5,0.0,0.0,0
11,0,0,0,259,273,1,0,0,0.0,0,TypeScript,2024-2026,1.0,0.95,0.0,0.0,0
15,0,0,0,256,2468,36,6,49,1.22,0,TypeScript,2024-2026,1.0,0.1,0.16,0.03,0
17,0,0,0,523,490,50,18,93,3.97,0,TypeScript,2024-2026,1.0,1.07,0.35,0.08,0
18,0,0,0,1,1,1,0,0,0.0,0,TypeScript,2024-2026,1.0,0.5,0.0,0.0,0
20,0,0,0,361,511,7,0,66,2.89,0,TypeScript,2024-2026,1.0,0.71,0.0,0.36,0
21,0,0,0,511,361,7,0,66,3.18,0,TypeScript,2024-2026,1.0,1.41,0.0,0.4,0
8,1,0,0,1951,101,206,0,56,12.61,0,TypeScript,2024-2026,1.0,19.13,0.0,0.06,0
11,1,0,0,563,566,79,20,46,1.13,0,TypeScript,2024-2026,1.0,0.99,0.25,0.01,0
14,1,0,0,1753,539,33,9,76,2.7,0,TypeScript,2024-2026,1.0,3.25,0.26,0.08,0
14,1,0,0,202,363,10,10,12,1.25,0,TypeScript,2024-2026,1.0,0.55,0.91,0.11,0
14,1,0,0,1,1,1,0,0,0.0,0,TypeScript,2024-2026,1.0,0.5,0.0,0.0,0
15,1,0,0,10,2,2,0,2,2.0,0,TypeScript,2024-2026,1.0,3.33,0.0,0.67,0
20,1,0,0,434,0,4,0,5,10.0,0,TypeScript,2024-2026,1.0,434.0,0.0,2.0,0
20,1,0,0,1,1,1,0,0,0.0,0,TypeScript,2024-2026,1.0,0.5,0.0,0.0,0
20,1,0,0,2,2,1,0,0,0.0,0,TypeScript,2024-2026,1.0,0.67,0.0,0.0,0
21,1,0,0,46,42,4,0,14,2.07,0,TypeScript,2024-2026,1.0,1.07,0.0,0.41,0
22,1,0,1,75,70,5,1,4,4.25,0,TypeScript,2024-2026,1.0,1.06,0.17,0.71,0
23,1,0,1,128,13,4,1,5,14.6,0,TypeScript,2024-2026,1.0,9.14,0.2,2.92,0
9,2,0,0,25,13,2,0,0,0.0,0,TypeScript,2024-2026,1.0,1.79,0.0,0.0,0
18,2,0,0,11,8,3,1,4,9.0,0,TypeScript,2024-2026,1.0,1.22,0.25,2.25,0
18,2,0,0,5,5,1,0,0,0.0,0,TypeScript,2024-2026,1.0,0.83,0.0,0.0,0
19,2,0,0,1,1,1,0,0,0.0,0,TypeScript,2024-2026,1.0,0.5,0.0,0.0,0
20,2,0,0,2712,31,18,1,28,6.96,0,TypeScript,2024-2026,1.0,84.75,0.05,0.37,0
22,2,0,1,21,16,4,0,3,9.0,0,TypeScript,2024-2026,1.0,1.24,0.0,1.8,0
22,2,0,1,8,1,1,0,0,0.0,0,TypeScript,2024-2026,1.0,4.0,0.0,0.0,0
0,3,0,1,6,4,1,0,2,4.0,0,TypeScript,2024-2026,1.0,1.2,0.0,2.0,0
1,3,0,1,32,2,1,0,1,39.0,0,TypeScript,2024-2026,1.0,10.67,0.0,19.5,0
5,3,0,1,1,1,1,0,1,4.0,0,TypeScript,2024-2026,1.0,0.5,0.0,2.0,0
6,3,0,0,12,0,1,0,2,12.0,0,TypeScript,2024-2026,1.0,12.0,0.0,6.0,0
6,3,0,0,45,15,1,0,2,19.0,0,TypeScript,2024-2026,1.0,2.81,0.0,9.5,0
6,3,0,0,5,7,1,0,1,48.0,0,TypeScript,2024-2026,1.0,0.62,0.0,24.0,0
7,3,0,0,1,0,1,0,0,0.0,0,TypeScript,2024-2026,1.0,1.0,0.0,0.0,0
9,3,0,0,568,81,9,1,16,7.38,0,TypeScript,2024-2026,1.0,6.93,0.1,0.74,0
9,3,0,0,1175,1188,3,0,1,1.0,0,TypeScript,2024-2026,1.0,0.99,0.0,0.25,0
9,3,0,0,14,3,2,0,5,4.2,0,TypeScript,2024-2026,1.0,3.5,0.0,1.4,0
9,3,0,0,11,9,1,0,4,3.75,0,TypeScript,2024-2026,1.0,1.1,0.0,1.88,0
9,3,0,0,49,19,10,0,1,3.0,0,TypeScript,2024-2026,1.0,2.45,0.0,0.27,0
10,3,0,0,7,7,1,0,4,5.25,0,TypeScript,2024-2026,1.0,0.88,0.0,2.62,0
10,3,0,0,75,75,1,1,1,1.0,0,TypeScript,2024-2026,1.0,0.99,0.5,0.5,0
12,3,0,0,868,117,29,7,45,3.58,0,TypeScript,2024-2026,1.0,7.36,0.23,0.12,0
12,3,0,0,182,177,7,0,8,1.0,0,TypeScript,2024-2026,1.0,1.02,0.0,0.12,0
13,3,0,0,356,529,7,0,65,2.92,0,TypeScript,2024-2026,1.0,0.67,0.0,0.36,0
15,3,0,0,713,141,16,6,47,2.47,0,TypeScript,2024-2026,1.0,5.02,0.35,0.15,0
19,3,0,0,3,231,13,0,7,8.14,0,TypeScript,2024-2026,1.0,0.01,0.0,0.58,0
22,3,0,1,2156,27,28,5,31,7.35,0,TypeScript,2024-2026,1.0,77.0,0.17,0.25,0
13,4,0,0,220,4,8,1,7,4.14,0,TypeScript,2024-2026,1.0,44.0,0.11,0.46,0
13,4,0,0,249,77,6,1,2,3.0,0,TypeScript,2024-2026,1.0,3.19,0.14,0.43,0
16,4,0,0,2,4,1,0,0,0.0,0,TypeScript,2024-2026,1.0,0.4,0.0,0.0,0
18,4,0,0,2,2,1,0,2,44.5,0,TypeScript,2024-2026,1.0,0.67,0.0,22.25,0
19,4,0,0,301,17,4,0,22,6.68,0,TypeScript,2024-2026,1.0,16.72,0.0,1.34,0
1,5,1,1,1267,317,13,0,48,4.15,0,TypeScript,2024-2026,1.0,3.98,0.0,0.3,1
1,5,1,1,18,14,1,0,0,0.0,0,TypeScript,2024-2026,1.0,1.2,0.0,0.0,0
3,5,1,1,0,408,6,0,13,2.31,0,TypeScript,2024-2026,1.0,0.0,0.0,0.33,1
21,5,1,0,141,141,64,2,1,2.0,0,TypeScript,2024-2026,1.0,0.99,0.03,0.03,2
8,0,0,0,698,529,5,2,11,5.18,0,TypeScript,2024-2026,1.0,1.32,0.33,0.86,0
9,0,0,0,254,21,8,2,23,2.3,0,TypeScript,2024-2026,1.0,11.55,0.22,0.26,0
10,0,0,0,155,30,4,0,0,0.0,0,TypeScript,2024-2026,1.0,5.0,0.0,0.0,0
11,0,0,0,896,186,11,4,41,2.29,0,TypeScript,2024-2026,1.0,4.79,0.33,0.19,0
14,0,0,0,2,2,1,0,0,0.0,0,TypeScript,2024-2026,1.0,0.67,0.0,0.0,0
17,0,0,0,7,8,2,0,1,6.0,0,TypeScript,2024-2026,1.0,0.78,0.0,2.0,0
20,0,0,0,2,2,2,0,2,13.5,0,TypeScript,2024-2026,1.0,0.67,0.0,4.5,0
21,0,0,0,8,6,2,0,2,6.0,0,TypeScript,2024-2026,1.0,1.14,0.0,2.0,0
0,1,0,1,1,0,1,0,2,44.5,0,TypeScript,2024-2026,1.0,1.0,0.0,22.25,0
0,1,0,1,7,7,7,0,0,0.0,0,TypeScript,2024-2026,1.0,0.88,0.0,0.0,0
8,1,0,0,639,188,3,0,0,0.0,0,TypeScript,2024-2026,1.0,3.38,0.0,0.0,0
14,1,0,0,49,3,2,0,4,13.5,0,TypeScript,2024-2026,1.0,12.25,0.0,4.5,0
20,1,0,0,23,28,2,0,8,9.88,0,TypeScript,2024-2026,1.0,0.79,0.0,3.29,0
7,2,0,0,271,248,20,0,0,0.0,0,TypeScript,2024-2026,1.0,1.09,0.0,0.0,0
8,2,0,0,67,75,15,0,27,3.33,0,TypeScript,2024-2026,1.0,0.88,0.0,0.21,0
10,2,0,0,243,0,8,1,5,4.6,0,TypeScript,2024-2026,1.0,243.0,0.11,0.51,0
12,2,0,0,27,18,1,1,1,2.0,0,TypeScript,2024-2026,1.0,1.42,0.5,1.0,0
13,2,0,0,1205,746,258,104,90,1.02,0,TypeScript,2024-2026,1.0,1.61,0.4,0.0,0
14,2,0,0,7,0,1,0,2,1.0,0,TypeScript,2024-2026,1.0,7.0,0.0,0.5,0
18,2,0,0,20,25,13,7,7,3.29,0,TypeScript,2024-2026,1.0,0.77,0.5,0.24,0
19,2,0,0,3215,3191,201,201,221,1.24,0,TypeScript,2024-2026,1.0,1.01,1.0,0.01,0
0,3,0,1,2,2,2,2,2,1.0,0,TypeScript,2024-2026,1.0,0.67,0.67,0.33,0
11,3,0,0,126,46,6,0,4,4.5,0,TypeScript,2024-2026,1.0,2.68,0.0,0.64,0
15,3,0,0,269,42,9,3,7,5.0,0,TypeScript,2024-2026,1.0,6.26,0.3,0.5,0
15,3,0,0,785,109,10,4,30,4.87,0,TypeScript,2024-2026,1.0,7.14,0.36,0.44,0
16,3,0,0,39,34,11,0,0,0.0,0,TypeScript,2024-2026,1.0,1.11,0.0,0.0,0
21,3,0,0,37,26,7,2,2,1.0,0,TypeScript,2024-2026,1.0,1.37,0.25,0.12,0
11,4,0,0,1,1,1,0,1,9.0,0,TypeScript,2024-2026,1.0,0.5,0.0,4.5,0
12,4,0,0,148,0,3,0,5,2.6,0,TypeScript,2024-2026,1.0,148.0,0.0,0.65,0
12,4,0,0,19,7,1,0,2,22.5,0,TypeScript,2024-2026,1.0,2.38,0.0,11.25,0
14,4,0,0,12,5,1,0,4,3.0,0,TypeScript,2024-2026,1.0,2.0,0.0,1.5,0
14,4,0,0,191,327,60,2,90,10.37,0,TypeScript,2024-2026,1.0,0.58,0.03,0.17,0
16,4,0,0,113,39,7,1,4,3.5,0,TypeScript,2024-2026,1.0,2.82,0.12,0.44,0
16,4,0,0,419,46,16,0,10,6.6,0,TypeScript,2024-2026,1.0,8.91,0.0,0.39,2
17,4,0,0,1,0,1,0,0,0.0,0,TypeScript,2024-2026,1.0,1.0,0.0,0.0,0
19,4,0,0,1284,1558,123,5,274,8.06,0,TypeScript,2024-2026,1.0,0.82,0.04,0.06,0
19,4,0,0,2,135,7,0,7,2.86,0,TypeScript,2024-2026,1.0,0.01,0.0,0.36,0
21,4,0,0,229,20,11,3,10,3.2,0,TypeScript,2024-2026,1.0,10.9,0.25,0.27,0
22,4,0,1,89,107,2,0,6,31.5,0,TypeScript,2024-2026,1.0,0.82,0.0,10.5,0
9,5,1,0,637,121,37,8,21,4.24,0,TypeScript,2024-2026,1.0,5.22,0.21,0.11,0
13,5,1,0,2,2,1,0,0,0.0,0,TypeScript,2024-2026,1.0,0.67,0.0,0.0,0
16,5,1,0,400,0,4,1,8,4.0,0,TypeScript,2024-2026,1.0,400.0,0.2,0.8,0
16,5,1,0,23,20,2,0,0,0.0,0,TypeScript,2024-2026,1.0,1.1,0.0,0.0,0
20,6,1,0,14,12,7,0,2,19.5,0,TypeScript,2024-2026,1.0,1.08,0.0,2.44,2
23,6,1,1,457,66,26,0,2,1.0,0,TypeScript,2024-2026,1.0,6.82,0.0,0.04,0
23,6,1,1,63,67,15,0,15,5.13,0,TypeScript,2024-2026,1.0,0.93,0.0,0.32,2
16,0,0,0,162,52,9,4,13,6.85,0,TypeScript,2024-2026,1.0,3.06,0.4,0.68,0
16,0,0,0,8,0,4,0,2,60.0,0,TypeScript,2024-2026,1.0,8.0,0.0,12.0,0
16,0,0,0,3,7,1,0,0,0.0,0,TypeScript,2024-2026,1.0,0.38,0.0,0.0,0
22,0,0,1,149,5,3,1,4,3.5,0,TypeScript,2024-2026,1.0,24.83,0.25,0.88,0
22,0,0,1,240,0,4,1,4,3.25,0,TypeScript,2024-2026,1.0,240.0,0.2,0.65,0
0,1,0,1,378,113,6,2,10,3.7,0,TypeScript,2024-2026,1.0,3.32,0.29,0.53,0
8,1,0,0,118,4,2,1,2,2.5,0,TypeScript,2024-2026,1.0,23.6,0.33,0.83,0
8,1,0,0,341,400,94,3,140,8.54,0,TypeScript,2024-2026,1.0,0.85,0.03,0.09,2
10,1,0,0,8,6,6,0,0,0.0,0,TypeScript,2024-2026,1.0,1.14,0.0,0.0,0
11,1,0,0,38,1,2,1,2,1.0,0,TypeScript,2024-2026,1.0,19.0,0.33,0.33,0
11,1,0,0,11,11,1,0,1,1.0,0,TypeScript,2024-2026,1.0,0.92,0.0,0.5,2
11,1,0,0,4,4,4,0,0,0.0,0,TypeScript,2024-2026,1.0,0.8,0.0,0.0,0
14,1,0,0,22,0,1,0,0,0.0,0,TypeScript,2024-2026,1.0,22.0,0.0,0.0,1
15,1,0,0,1,1,1,0,0,0.0,0,TypeScript,2024-2026,1.0,0.5,0.0,0.0,2
15,1,0,0,327,9,4,0,8,13.12,0,TypeScript,2024-2026,1.0,32.7,0.0,2.62,1
17,1,0,0,22,11,4,0,4,2.5,0,TypeScript,2024-2026,1.0,1.83,0.0,0.5,1
18,1,0,0,1,0,2,0,0,0.0,0,TypeScript,2024-2026,1.0,1.0,0.0,0.0,1
18,1,0,0,32,29,1,0,0,0.0,0,TypeScript,2024-2026,1.0,1.07,0.0,0.0,1
18,1,0,0,28,16,3,0,0,0.0,0,TypeScript,2024-2026,1.0,1.65,0.0,0.0,1
19,1,0,0,5,0,1,0,0,0.0,0,TypeScript,2024-2026,1.0,5.0,0.0,0.0,1
19,1,0,0,53,44,6,0,1,3.0,0,TypeScript,2024-2026,1.0,1.18,0.0,0.43,1
20,1,0,0,1,1,1,0,0,0.0,0,TypeScript,2024-2026,1.0,0.5,0.0,0.0,1
20,1,0,0,7,2,2,0,0,0.0,0,TypeScript,2024-2026,1.0,2.33,0.0,0.0,1
20,1,0,0,170,6,3,1,5,5.0,0,TypeScript,2024-2026,1.0,24.29,0.25,1.25,0
20,1,0,0,343,145,9,0,2,7.0,0,TypeScript,2024-2026,1.0,2.35,0.0,0.7,0
21,1,0,0,95,5,3,0,3,9.0,0,TypeScript,2024-2026,1.0,15.83,0.0,2.25,1
21,1,0,0,8,8,2,0,0,0.0,0,TypeScript,2024-2026,1.0,0.89,0.0,0.0,1
22,1,0,1,20,22,5,0,0,0.0,0,TypeScript,2024-2026,1.0,0.87,0.0,0.0,1
1,2,0,1,9,0,1,0,0,0.0,0,TypeScript,2024-2026,1.0,9.0,0.0,0.0,1
10,2,0,0,103,107,14,4,9,1.44,0,TypeScript,2024-2026,1.0,0.95,0.27,0.1,0
12,2,0,0,137,10,7,1,9,11.0,0,TypeScript,2024-2026,1.0,12.45,0.12,1.38,0
13,2,0,0,1,1,1,0,0,0.0,0,TypeScript,2024-2026,1.0,0.5,0.0,0.0,0
13,2,0,0,1,1,1,0,0,0.0,0,TypeScript,2024-2026,1.0,0.5,0.0,0.0,0
18,2,0,0,13,33,5,0,5,3.4,0,TypeScript,2024-2026,1.0,0.38,0.0,0.57,0
18,2,0,0,65,10,2,0,4,5.75,0,TypeScript,2024-2026,1.0,5.91,0.0,1.92,1
20,2,0,0,2819,49,39,5,107,6.03,0,TypeScript,2024-2026,1.0,56.38,0.12,0.15,0
20,2,0,0,69,65,28,1,19,2.89,0,TypeScript,2024-2026,1.0,1.05,0.03,0.1,0
22,2,0,1,10,7,1,0,0,0.0,0,TypeScript,2024-2026,1.0,1.25,0.0,0.0,1
23,2,0,1,222,118,23,0,30,3.7,0,TypeScript,2024-2026,1.0,1.87,0.0,0.15,0
0,3,0,1,40,12,1,0,0,0.0,0,TypeScript,2024-2026,1.0,3.08,0.0,0.0,1
1,3,0,1,284,10,4,1,16,3.31,0,TypeScript,2024-2026,1.0,25.82,0.2,0.66,0
1,3,0,1,192,4,3,0,9,6.11,0,TypeScript,2024-2026,1.0,38.4,0.0,1.53,1
8,3,0,0,399,71,242,240,239,1.26,0,TypeScript,2024-2026,1.0,5.54,0.99,0.01,0
8,3,0,0,38,0,2,1,1,1.0,0,TypeScript,2024-2026,1.0,38.0,0.33,0.33,0
9,3,0,0,54,31,14,0,14,4.79,0,TypeScript,2024-2026,1.0,1.69,0.0,0.32,0
12,3,0,0,3,2,2,0,2,7.0,0,TypeScript,2024-2026,1.0,1.0,0.0,2.33,0
14,3,0,0,34,4,2,0,4,8.25,0,TypeScript,2024-2026,1.0,6.8,0.0,2.75,1
14,3,0,0,826,350,16,0,25,6.28,0,TypeScript,2024-2026,1.0,2.35,0.0,0.37,0
16,3,0,0,21,8,4,0,4,13.75,0,TypeScript,2024-2026,1.0,2.33,0.0,2.75,0
17,3,0,0,16,1,1,0,0,0.0,0,TypeScript,2024-2026,1.0,8.0,0.0,0.0,0
21,3,0,0,149,71,4,1,1,1.0,0,TypeScript,2024-2026,1.0,2.07,0.2,0.2,0
9,4,0,0,248,77,10,3,0,0.0,0,TypeScript,2024-2026,1.0,3.18,0.27,0.0,0
10,4,0,0,1,1,1,0,0,0.0,0,TypeScript,2024-2026,1.0,0.5,0.0,0.0,0
10,4,0,0,2,0,2,0,0,0.0,0,TypeScript,2024-2026,1.0,2.0,0.0,0.0,0
10,4,0,0,12,15,2,0,2,1.0,0,TypeScript,2024-2026,1.0,0.75,0.0,0.33,0
14,4,0,0,354,31,3,1,5,9.4,0,TypeScript,2024-2026,1.0,11.06,0.25,2.35,0
16,4,0,0,21,7,1,0,0,0.0,0,TypeScript,2024-2026,1.0,2.62,0.0,0.0,0
17,4,0,0,18,6,2,2,3,2.33,0,TypeScript,2024-2026,1.0,2.57,0.67,0.78,0
21,4,0,0,59,1,2,1,4,5.75,0,TypeScript,2024-2026,1.0,29.5,0.33,1.92,0
22,4,0,1,337,130,18,0,22,5.0,0,TypeScript,2024-2026,1.0,2.57,0.0,0.26,0
22,4,0,1,22,0,3,0,5,1.6,0,TypeScript,2024-2026,1.0,22.0,0.0,0.4,0
23,4,0,1,251,125,6,0,17,4.18,0,TypeScript,2024-2026,1.0,1.99,0.0,0.6,0
23,4,0,1,53,0,4,0,0,0.0,0,TypeScript,2024-2026,1.0,53.0,0.0,0.0,0
23,4,0,1,44,9,6,0,6,3.33,0,TypeScript,2024-2026,1.0,4.4,0.0,0.48,0
0,5,1,1,146,5,3,0,3,5.0,0,TypeScript,2024-2026,1.0,24.33,0.0,1.25,0
0,5,1,1,485,73,54,2,35,4.06,0,TypeScript,2024-2026,1.0,6.55,0.04,0.07,0
1,5,1,1,509,94,17,2,33,4.27,0,TypeScript,2024-2026,1.0,5.36,0.11,0.24,0
7,5,1,0,457,11,13,1,6,6.0,0,TypeScript,2024-2026,1.0,38.08,0.07,0.43,0
10,5,1,0,4,27,2,0,1,1.0,0,TypeScript,2024-2026,1.0,0.14,0.0,0.33,0
10,5,1,0,155,26,16,0,5,6.4,0,TypeScript,2024-2026,1.0,5.74,0.0,0.38,0
18,5,1,0,3,1,1,0,1,5.0,1,TypeScript,2024-2026,0.4,1.5,0.0,2.5,0
18,5,1,0,260,157,28,18,105,10.56,1,TypeScript,2024-2026,0.4,1.65,0.62,0.36,1
18,5,1,0,522,124,12,0,18,10.89,1,TypeScript,2024-2026,0.4,4.18,0.0,0.84,2
18,5,1,0,2614,962,40,1,92,7.34,1,TypeScript,2024-2026,0.4,2.71,0.02,0.18,2
18,5,1,0,3142,171,52,0,88,6.62,1,TypeScript,2024-2026,0.4,18.27,0.0,0.12,3
1,6,1,1,158,13,5,0,9,2.22,0,TypeScript,2024-2026,1.0,11.29,0.0,0.37,0
17,6,1,0,196,1,5,0,7,3.57,0,TypeScript,2024-2026,1.0,98.0,0.0,0.6,0
1,0,0,1,863,278,37,0,62,4.66,0,TypeScript,2024-2026,1.0,3.09,0.0,0.12,0
7,0,0,0,1,1,1,0,0,0.0,0,TypeScript,2024-2026,1.0,0.5,0.0,0.0,0
9,0,0,0,577,61,21,0,23,4.83,0,TypeScript,2024-2026,1.0,9.31,0.0,0.22,0
11,0,0,0,812,85,21,7,44,3.52,0,TypeScript,2024-2026,1.0,9.44,0.32,0.16,0
11,0,0,0,1,1,1,0,0,0.0,0,TypeScript,2024-2026,1.0,0.5,0.0,0.0,0
11,0,0,0,531,49,11,1,25,2.72,0,TypeScript,2024-2026,1.0,10.62,0.08,0.23,0
12,0,0,0,113,40,5,0,9,19.78,0,TypeScript,2024-2026,1.0,2.76,0.0,3.3,0
16,0,0,0,26,5,2,0,1,1.0,0,TypeScript,2024-2026,1.0,4.33,0.0,0.33,0
19,0,0,0,4,4,2,0,0,0.0,0,TypeScript,2024-2026,1.0,0.8,0.0,0.0,0
19,0,0,0,26,3,6,0,0,0.0,0,TypeScript,2024-2026,1.0,6.5,0.0,0.0,0
14,1,0,0,52,57,6,0,9,6.78,0,TypeScript,2024-2026,1.0,0.9,0.0,0.97,0
14,1,0,0,3594,682,82,1,194,3.32,0,TypeScript,2024-2026,1.0,5.26,0.01,0.04,0
16,1,0,0,79,18,3,1,4,6.0,0,TypeScript,2024-2026,1.0,4.16,0.25,1.5,0
23,1,0,1,291,28,10,1,31,3.42,0,TypeScript,2024-2026,1.0,10.03,0.09,0.31,0
23,1,0,1,1,1,1,0,0,0.0,0,TypeScript,2024-2026,1.0,0.5,0.0,0.0,0
13,2,0,0,511,259,2,1,7,10.14,0,TypeScript,2024-2026,1.0,1.97,0.33,3.38,0
13,2,0,0,7170,275,54,5,71,3.01,0,TypeScript,2024-2026,1.0,25.98,0.09,0.05,0
21,2,0,0,1790,1849,18,2,25,6.52,0,TypeScript,2024-2026,1.0,0.97,0.11,0.34,0
8,3,0,0,194,39,32,1,50,7.04,0,TypeScript,2024-2026,1.0,4.85,0.03,0.21,0
10,3,0,0,33,33,3,0,0,0.0,0,TypeScript,2024-2026,1.0,0.97,0.0,0.0,0
11,3,0,0,3,3,2,0,0,0.0,0,TypeScript,2024-2026,1.0,0.75,0.0,0.0,0
11,3,0,0,1042,66,26,0,73,2.89,0,TypeScript,2024-2026,1.0,15.55,0.0,0.11,0
13,3,0,0,93,3,5,0,0,0.0,0,TypeScript,2024-2026,1.0,23.25,0.0,0.0,0
13,3,0,0,4,4752,146,0,144,1.27,0,TypeScript,2024-2026,1.0,0.0,0.0,0.01,0
16,3,0,0,743,1036,8,2,3,3.0,0,TypeScript,2024-2026,1.0,0.72,0.22,0.33,0
16,3,0,0,4346,135,42,4,114,4.51,0,TypeScript,2024-2026,1.0,31.96,0.09,0.1,0
17,3,0,0,1174,1170,4,0,0,0.0,0,TypeScript,2024-2026,1.0,1.0,0.0,0.0,0
19,3,0,0,3,2,2,0,0,0.0,0,TypeScript,2024-2026,1.0,1.0,0.0,0.0,0
13,4,0,0,1125,403,10,1,12,33.08,0,TypeScript,2024-2026,1.0,2.78,0.09,3.01,0
14,4,0,0,4,26,3,0,0,0.0,0,TypeScript,2024-2026,1.0,0.15,0.0,0.0,0
15,4,0,0,196,122,4,1,7,6.57,0,TypeScript,2024-2026,1.0,1.59,0.2,1.31,0
15,4,0,0,111,48,5,1,0,0.0,0,TypeScript,2024-2026,1.0,2.27,0.17,0.0,0
18,4,0,0,114,53,7,0,0,0.0,0,TypeScript,2024-2026,1.0,2.11,0.0,0.0,0
1,5,1,1,2433,52,93,5,93,1.91,0,TypeScript,2024-2026,1.0,45.91,0.05,0.02,0
9,0,0,0,320,54,20,3,23,6.04,0,TypeScript,2024-2026,1.0,5.82,0.14,0.29,0
11,0,0,0,1,1,1,0,0,0.0,0,TypeScript,2024-2026,1.0,0.5,0.0,0.0,0
11,0,0,0,24,0,1,0,0,0.0,0,TypeScript,2024-2026,1.0,24.0,0.0,0.0,0
14,0,0,0,50,8,2,0,2,15.5,0,TypeScript,2024-2026,1.0,5.56,0.0,5.17,0
16,0,0,0,12,23,4,0,3,4.33,0,TypeScript,2024-2026,1.0,0.5,0.0,0.87,0
20,0,0,0,11,10,9,0,0,0.0,0,TypeScript,2024-2026,1.0,1.0,0.0,0.0,0
12,1,0,0,9,9,7,0,8,6.38,0,TypeScript,2024-2026,1.0,0.9,0.0,0.8,0
12,1,0,0,469,177,11,0,13,3.46,0,TypeScript,2024-2026,1.0,2.63,0.0,0.29,0
12,1,0,0,74,13,4,0,5,10.6,0,TypeScript,2024-2026,1.0,5.29,0.0,2.12,0
17,1,0,0,2,4,1,0,2,5.5,0,TypeScript,2024-2026,1.0,0.4,0.0,2.75,0
17,1,0,0,528,20,6,2,16,9.94,0,TypeScript,2024-2026,1.0,25.14,0.29,1.42,0
17,1,0,0,836,108,23,1,71,6.21,0,TypeScript,2024-2026,1.0,7.67,0.04,0.26,0
21,1,0,0,465,27,11,1,7,4.57,0,TypeScript,2024-2026,1.0,16.61,0.08,0.38,0
16,2,0,0,34,11,1,0,5,2.6,0,TypeScript,2024-2026,1.0,2.83,0.0,1.3,0
8,3,0,0,913,81,20,6,43,2.98,0,TypeScript,2024-2026,1.0,11.13,0.29,0.14,0
11,3,0,0,4875,500,63,22,156,3.22,0,TypeScript,2024-2026,1.0,9.73,0.34,0.05,0
17,3,0,0,24,18,1,0,0,0.0,0,TypeScript,2024-2026,1.0,1.26,0.0,0.0,0
0,4,0,1,1,1,1,0,1,12.0,0,TypeScript,2024-2026,1.0,0.5,0.0,6.0,0
0,4,0,1,246,18,1,0,2,3.0,0,TypeScript,2024-2026,1.0,12.95,0.0,1.5,0
6,4,0,0,2,2,1,0,1,5.0,0,TypeScript,2024-2026,1.0,0.67,0.0,2.5,0
9,4,0,0,5,0,1,0,1,8.0,0,TypeScript,2024-2026,1.0,5.0,0.0,4.0,0
14,4,0,0,240,25,10,3,11,4.18,0,TypeScript,2024-2026,1.0,9.23,0.27,0.38,0
22,4,0,1,8817,314,66,8,182,5.34,0,TypeScript,2024-2026,1.0,27.99,0.12,0.08,0
9,0,0,0,1,1,1,0,0,0.0,0,TypeScript,2024-2026,1.0,0.5,0.0,0.0,0
10,0,0,0,2580,1062,32,8,58,4.36,0,TypeScript,2024-2026,1.0,2.43,0.24,0.13,0
12,0,0,0,319,18,3,2,5,1.2,0,TypeScript,2024-2026,1.0,16.79,0.5,0.3,0
14,0,0,0,137,4,3,1,11,5.18,0,TypeScript,2024-2026,1.0,27.4,0.25,1.3,0
17,0,0,0,58,0,2,2,2,1.0,0,TypeScript,2024-2026,1.0,58.0,0.67,0.33,0
8,1,0,0,2162,176,27,5,18,1.33,0,TypeScript,2024-2026,1.0,12.21,0.18,0.05,0
9,1,0,0,242,137,8,0,0,0.0,0,TypeScript,2024-2026,1.0,1.75,0.0,0.0,0
9,1,0,0,394,7,2,1,3,27.33,0,TypeScript,2024-2026,1.0,49.25,0.33,9.11,0
11,1,0,0,17,6,5,0,0,0.0,0,TypeScript,2024-2026,1.0,2.43,0.0,0.0,0
12,1,0,0,252,81,4,0,11,10.82,0,TypeScript,2024-2026,1.0,3.07,0.0,2.16,0
13,1,0,0,982,794,8,1,18,5.83,0,TypeScript,2024-2026,1.0,1.24,0.11,0.65,0
14,1,0,0,7,13,2,0,4,6.5,0,TypeScript,2024-2026,1.0,0.5,0.0,2.17,0
16,1,0,0,1,1,1,0,0,0.0,0,TypeScript,2024-2026,1.0,0.5,0.0,0.0,0
22,1,0,1,15,9,3,0,0,0.0,0,TypeScript,2024-2026,1.0,1.5,0.0,0.0,0
10,2,0,0,543,15,19,4,13,8.38,0,TypeScript,2024-2026,1.0,33.94,0.2,0.42,0
14,2,0,0,417,34,3,0,0,0.0,0,TypeScript,2024-2026,1.0,11.91,0.0,0.0,0
14,2,0,0,4705,384,57,7,134,6.16,0,TypeScript,2024-2026,1.0,12.22,0.12,0.11,0
15,2,0,0,4836,1905,15,3,36,5.75,0,TypeScript,2024-2026,1.0,2.54,0.19,0.36,0
1,3,0,1,309,125,1,0,0,0.0,0,TypeScript,2024-2026,1.0,2.45,0.0,0.0,0
12,3,0,0,4,5,3,0,5,50.0,0,TypeScript,2024-2026,1.0,0.67,0.0,12.5,0
15,3,0,0,7,321,3,0,0,0.0,0,TypeScript,2024-2026,1.0,0.02,0.0,0.0,0
15,3,0,0,190,69,4,1,3,1.67,0,TypeScript,2024-2026,1.0,2.71,0.2,0.33,0
10,4,0,0,1,2,1,0,0,0.0,0,TypeScript,2024-2026,1.0,0.33,0.0,0.0,0
15,4,0,0,327,50,20,0,34,6.53,0,TypeScript,2024-2026,1.0,6.41,0.0,0.31,0
15,4,0,0,14,1,2,0,7,3.86,0,TypeScript,2024-2026,1.0,7.0,0.0,1.29,0
15,4,0,0,1771,1800,4,0,0,0.0,0,TypeScript,2024-2026,1.0,0.98,0.0,0.0,0
